id,name,score1,score2
1,Student_1,57,67
2,Student_2,92,72
3,Student_3,93,92
4,Student_4,61,74
5,Student_5,79,51
6,Student_6,66,60
7,Student_7,99,74
8,Student_8,78,50
9,Student_9,65,93
10,Student_10,87,50
11,Student_11,53,54
12,Student_12,66,56
13,Student_13,93,55
14,Student_14,78,68
15,Student_15,65,58
16,Student_16,77,79
17,Student_17,96,91
18,Student_18,69,70
19,Student_19,79,76
20,Student_20,91,98
21,Student_21,94,81
22,Student_22,73,71
23,Student_23,93,67
24,Student_24,75,85
25,Student_25,50,89
26,Student_26,94,56
27,Student_27,76,99
28,Student_28,70,80
29,Student_29,50,94
30,Student_30,61,52
31,Student_31,53,97
32,Student_32,87,52
33,Student_33,79,64
34,Student_34,72,99
35,Student_35,65,97
36,Student_36,62,75
37,Student_37,97,59
38,Student_38,83,73
39,Student_39,98,60
40,Student_40,85,93
41,Student_41,100,82
42,Student_42,87,61
43,Student_43,86,75
44,Student_44,60,72
45,Student_45,75,68
46,Student_46,69,90
47,Student_47,82,61
48,Student_48,83,83
49,Student_49,63,100
50,Student_50,60,58
51,Student_51,53,98
52,Student_52,69,50
53,Student_53,85,90
54,Student_54,86,65
55,Student_55,99,62
56,Student_56,50,65
57,Student_57,94,64
58,Student_58,99,81
59,Student_59,79,54
60,Student_60,59,99
61,Student_61,73,76
62,Student_62,62,77
63,Student_63,64,69
64,Student_64,54,89
65,Student_65,79,100
66,Student_66,69,73
67,Student_67,93,81
68,Student_68,72,94
69,Student_69,72,93
70,Student_70,82,88
71,Student_71,83,52
72,Student_72,80,76
73,Student_73,69,82
74,Student_74,99,85
75,Student_75,100,82
76,Student_76,67,67
77,Student_77,63,88
78,Student_78,91,55
79,Student_79,94,55
80,Student_80,99,59
81,Student_81,52,94
82,Student_82,61,70
83,Student_83,92,97
84,Student_84,74,78
85,Student_85,57,85
86,Student_86,59,67
87,Student_87,91,97
88,Student_88,96,70
89,Student_89,65,79
90,Student_90,87,63
91,Student_91,59,70
92,Student_92,54,88
93,Student_93,61,52
94,Student_94,53,66
95,Student_95,63,59
96,Student_96,83,61
97,Student_97,73,99
98,Student_98,97,55
99,Student_99,54,64
100,Student_100,52,53
101,Student_101,89,71
102,Student_102,50,93
103,Student_103,91,96
104,Student_104,87,67
105,Student_105,92,87
106,Student_106,65,63
107,Student_107,73,99
108,Student_108,72,56
109,Student_109,74,87
110,Student_110,91,81
111,Student_111,78,65
112,Student_112,100,100
113,Student_113,63,81
114,Student_114,59,74
115,Student_115,71,92
116,Student_116,62,92
117,Student_117,67,70
118,Student_118,88,99
119,Student_119,90,76
120,Student_120,86,60
121,Student_121,97,84
122,Student_122,75,77
123,Student_123,61,80
124,Student_124,65,54
125,Student_125,54,96
126,Student_126,50,72
127,Student_127,51,67
128,Student_128,66,85
129,Student_129,79,87
130,Student_130,78,79
131,Student_131,90,54
132,Student_132,89,88
133,Student_133,75,59
134,Student_134,56,89
135,Student_135,50,74
136,Student_136,53,83
137,Student_137,64,80
138,Student_138,84,77
139,Student_139,60,81
140,Student_140,79,98
141,Student_141,83,89
142,Student_142,84,83
143,Student_143,93,56
144,Student_144,50,76
145,Student_145,87,82
146,Student_146,76,51
147,Student_147,83,94
148,Student_148,56,56
149,Student_149,97,71
150,Student_150,60,56
151,Student_151,52,67
152,Student_152,80,64
153,Student_153,59,57
154,Student_154,65,80
155,Student_155,72,56
156,Student_156,65,72
157,Student_157,97,54
158,Student_158,55,96
159,Student_159,93,84
160,Student_160,52,91
161,Student_161,76,89
162,Student_162,89,96
163,Student_163,87,90
164,Student_164,92,96
165,Student_165,59,82
166,Student_166,67,75
167,Student_167,68,98
168,Student_168,81,78
169,Student_169,96,85
170,Student_170,82,81
171,Student_171,72,92
172,Student_172,57,87
173,Student_173,53,92
174,Student_174,60,65
175,Student_175,93,76
176,Student_176,61,68
177,Student_177,99,67
178,Student_178,90,83
179,Student_179,89,82
180,Student_180,57,60
181,Student_181,50,93
182,Student_182,81,88
183,Student_183,71,88
184,Student_184,92,94
185,Student_185,54,63
186,Student_186,50,52
187,Student_187,74,95
188,Student_188,83,99
189,Student_189,61,64
190,Student_190,82,87
191,Student_191,74,50
192,Student_192,85,90
193,Student_193,64,100
194,Student_194,81,68
195,Student_195,60,65
196,Student_196,71,65
197,Student_197,55,82
198,Student_198,90,98
199,Student_199,100,88
200,Student_200,94,95
201,Student_201,54,80
202,Student_202,62,94
203,Student_203,76,55
204,Student_204,64,83
205,Student_205,87,98
206,Student_206,97,58
207,Student_207,86,83
208,Student_208,76,92
209,Student_209,96,71
210,Student_210,97,50
211,Student_211,89,67
212,Student_212,51,86
213,Student_213,91,61
214,Student_214,51,66
215,Student_215,94,83
216,Student_216,54,95
217,Student_217,96,91
218,Student_218,50,70
219,Student_219,69,96
220,Student_220,65,53
221,Student_221,59,88
222,Student_222,88,90
223,Student_223,56,73
224,Student_224,87,90
225,Student_225,74,52
226,Student_226,74,91
227,Student_227,100,60
228,Student_228,91,69
229,Student_229,85,71
230,Student_230,70,65
231,Student_231,64,54
232,Student_232,77,92
233,Student_233,70,99
234,Student_234,89,50
235,Student_235,56,76
236,Student_236,69,82
237,Student_237,82,67
238,Student_238,65,66
239,Student_239,67,95
240,Student_240,63,71
241,Student_241,72,54
242,Student_242,78,62
243,Student_243,54,87
244,Student_244,76,66
245,Student_245,62,79
246,Student_246,97,50
247,Student_247,89,88
248,Student_248,88,80
249,Student_249,61,59
250,Student_250,60,67
251,Student_251,72,99
252,Student_252,52,100
253,Student_253,74,96
254,Student_254,94,77
255,Student_255,70,63
256,Student_256,60,69
257,Student_257,94,64
258,Student_258,89,54
259,Student_259,55,65
260,Student_260,56,59
261,Student_261,69,57
262,Student_262,68,59
263,Student_263,50,65
264,Student_264,69,86
265,Student_265,58,88
266,Student_266,64,50
267,Student_267,100,52
268,Student_268,65,81
269,Student_269,52,89
270,Student_270,67,66
271,Student_271,56,92
272,Student_272,69,50
273,Student_273,75,79
274,Student_274,68,61
275,Student_275,72,93
276,Student_276,50,90
277,Student_277,75,97
278,Student_278,62,64
279,Student_279,84,82
280,Student_280,66,100
281,Student_281,74,75
282,Student_282,64,58
283,Student_283,62,93
284,Student_284,76,56
285,Student_285,97,70
286,Student_286,74,60
287,Student_287,53,97
288,Student_288,80,83
289,Student_289,54,75
290,Student_290,64,64
291,Student_291,75,95
292,Student_292,82,68
293,Student_293,92,71
294,Student_294,55,71
295,Student_295,94,51
296,Student_296,93,57
297,Student_297,83,50
298,Student_298,94,64
299,Student_299,66,64
300,Student_300,84,66
301,Student_301,95,95
302,Student_302,62,76
303,Student_303,63,79
304,Student_304,50,75
305,Student_305,95,65
306,Student_306,78,68
307,Student_307,56,68
308,Student_308,85,51
309,Student_309,78,86
310,Student_310,78,78
311,Student_311,97,59
312,Student_312,93,76
313,Student_313,89,100
314,Student_314,55,59
315,Student_315,64,61
316,Student_316,65,82
317,Student_317,76,68
318,Student_318,78,74
319,Student_319,58,80
320,Student_320,55,69
321,Student_321,84,88
322,Student_322,93,58
323,Student_323,84,56
324,Student_324,59,73
325,Student_325,90,90
326,Student_326,57,77
327,Student_327,68,55
328,Student_328,67,100
329,Student_329,89,67
330,Student_330,61,54
331,Student_331,83,91
332,Student_332,89,85
333,Student_333,78,50
334,Student_334,63,73
335,Student_335,69,51
336,Student_336,84,78
337,Student_337,73,61
338,Student_338,70,76
339,Student_339,71,97
340,Student_340,67,83
341,Student_341,99,84
342,Student_342,100,94
343,Student_343,78,95
344,Student_344,100,52
345,Student_345,53,75
346,Student_346,97,82
347,Student_347,71,58
348,Student_348,52,65
349,Student_349,68,69
350,Student_350,94,100
351,Student_351,66,94
352,Student_352,94,81
353,Student_353,76,77
354,Student_354,99,99
355,Student_355,69,98
356,Student_356,96,86
357,Student_357,52,55
358,Student_358,85,86
359,Student_359,85,61
360,Student_360,59,98
361,Student_361,68,95
362,Student_362,84,70
363,Student_363,53,96
364,Student_364,83,85
365,Student_365,64,69
366,Student_366,96,65
367,Student_367,72,81
368,Student_368,66,77
369,Student_369,72,59
370,Student_370,82,69
371,Student_371,97,77
372,Student_372,52,71
373,Student_373,93,60
374,Student_374,55,60
375,Student_375,56,71
376,Student_376,71,78
377,Student_377,57,94
378,Student_378,63,54
379,Student_379,94,81
380,Student_380,91,86
381,Student_381,98,98
382,Student_382,95,74
383,Student_383,52,73
384,Student_384,66,82
385,Student_385,82,85
386,Student_386,67,61
387,Student_387,62,62
388,Student_388,90,96
389,Student_389,82,68
390,Student_390,60,88
391,Student_391,65,62
392,Student_392,81,92
393,Student_393,55,59
394,Student_394,58,98
395,Student_395,60,60
396,Student_396,55,80
397,Student_397,84,56
398,Student_398,58,98
399,Student_399,62,85
400,Student_400,70,92
401,Student_401,53,73
402,Student_402,63,88
403,Student_403,94,54
404,Student_404,54,96
405,Student_405,83,93
406,Student_406,75,88
407,Student_407,89,94
408,Student_408,100,97
409,Student_409,97,75
410,Student_410,86,66
411,Student_411,98,80
412,Student_412,66,58
413,Student_413,86,67
414,Student_414,55,98
415,Student_415,82,77
416,Student_416,97,98
417,Student_417,61,82
418,Student_418,81,84
419,Student_419,76,66
420,Student_420,95,95
421,Student_421,55,72
422,Student_422,68,90
423,Student_423,66,81
424,Student_424,86,50
425,Student_425,86,95
426,Student_426,62,51
427,Student_427,91,54
428,Student_428,69,61
429,Student_429,54,63
430,Student_430,86,86
431,Student_431,89,58
432,Student_432,55,64
433,Student_433,82,76
434,Student_434,60,59
435,Student_435,74,50
436,Student_436,83,54
437,Student_437,99,50
438,Student_438,96,88
439,Student_439,97,83
440,Student_440,58,91
441,Student_441,89,100
442,Student_442,86,56
443,Student_443,71,81
444,Student_444,72,71
445,Student_445,50,75
446,Student_446,93,98
447,Student_447,89,95
448,Student_448,76,66
449,Student_449,77,63
450,Student_450,100,65
451,Student_451,76,93
452,Student_452,80,56
453,Student_453,86,56
454,Student_454,90,78
455,Student_455,90,70
456,Student_456,98,89
457,Student_457,66,67
458,Student_458,96,60
459,Student_459,82,86
460,Student_460,72,76
461,Student_461,80,87
462,Student_462,67,55
463,Student_463,94,83
464,Student_464,92,86
465,Student_465,58,89
466,Student_466,92,86
467,Student_467,94,84
468,Student_468,71,63
469,Student_469,100,79
470,Student_470,53,75
471,Student_471,65,61
472,Student_472,50,56
473,Student_473,88,89
474,Student_474,86,67
475,Student_475,77,62
476,Student_476,51,63
477,Student_477,56,53
478,Student_478,63,80
479,Student_479,61,88
480,Student_480,66,68
481,Student_481,60,54
482,Student_482,92,93
483,Student_483,71,83
484,Student_484,64,96
485,Student_485,81,51
486,Student_486,99,96
487,Student_487,66,51
488,Student_488,100,91
489,Student_489,55,53
490,Student_490,97,50
491,Student_491,89,86
492,Student_492,80,93
493,Student_493,70,61
494,Student_494,51,73
495,Student_495,73,72
496,Student_496,74,61
497,Student_497,97,88
498,Student_498,71,83
499,Student_499,50,80
500,Student_500,84,92
501,Student_501,78,62
502,Student_502,88,52
503,Student_503,71,88
504,Student_504,82,54
505,Student_505,66,66
506,Student_506,84,77
507,Student_507,87,77
508,Student_508,57,83
509,Student_509,59,71
510,Student_510,71,68
511,Student_511,92,86
512,Student_512,54,55
513,Student_513,69,56
514,Student_514,59,96
515,Student_515,68,71
516,Student_516,100,100
517,Student_517,100,82
518,Student_518,85,51
519,Student_519,96,99
520,Student_520,89,68
521,Student_521,93,98
522,Student_522,54,71
523,Student_523,80,62
524,Student_524,78,91
525,Student_525,71,79
526,Student_526,89,90
527,Student_527,84,85
528,Student_528,54,58
529,Student_529,62,79
530,Student_530,84,56
531,Student_531,56,63
532,Student_532,70,82
533,Student_533,66,83
534,Student_534,73,62
535,Student_535,58,59
536,Student_536,51,75
537,Student_537,55,79
538,Student_538,89,54
539,Student_539,98,58
540,Student_540,99,100
541,Student_541,54,55
542,Student_542,92,92
543,Student_543,100,85
544,Student_544,86,50
545,Student_545,97,65
546,Student_546,86,87
547,Student_547,80,67
548,Student_548,74,67
549,Student_549,78,100
550,Student_550,93,61
551,Student_551,59,54
552,Student_552,97,64
553,Student_553,98,85
554,Student_554,60,71
555,Student_555,67,70
556,Student_556,63,87
557,Student_557,68,79
558,Student_558,93,68
559,Student_559,99,56
560,Student_560,73,92
561,Student_561,53,56
562,Student_562,80,100
563,Student_563,64,100
564,Student_564,60,86
565,Student_565,66,78
566,Student_566,79,99
567,Student_567,51,70
568,Student_568,70,71
569,Student_569,90,87
570,Student_570,61,50
571,Student_571,79,78
572,Student_572,76,98
573,Student_573,53,85
574,Student_574,78,87
575,Student_575,69,69
576,Student_576,91,66
577,Student_577,53,63
578,Student_578,63,75
579,Student_579,94,70
580,Student_580,56,57
581,Student_581,74,93
582,Student_582,92,77
583,Student_583,82,63
584,Student_584,62,50
585,Student_585,81,72
586,Student_586,63,97
587,Student_587,96,73
588,Student_588,60,68
589,Student_589,97,80
590,Student_590,82,79
591,Student_591,90,80
592,Student_592,52,93
593,Student_593,95,87
594,Student_594,97,78
595,Student_595,89,89
596,Student_596,70,92
597,Student_597,85,75
598,Student_598,58,73
599,Student_599,61,56
600,Student_600,60,84
601,Student_601,83,74
602,Student_602,91,57
603,Student_603,86,59
604,Student_604,73,89
605,Student_605,72,63
606,Student_606,64,60
607,Student_607,100,84
608,Student_608,52,98
609,Student_609,74,78
610,Student_610,75,57
611,Student_611,70,57
612,Student_612,56,83
613,Student_613,56,76
614,Student_614,82,83
615,Student_615,72,54
616,Student_616,85,76
617,Student_617,99,63
618,Student_618,63,85
619,Student_619,84,63
620,Student_620,68,85
621,Student_621,98,93
622,Student_622,100,88
623,Student_623,65,92
624,Student_624,100,92
625,Student_625,92,68
626,Student_626,69,54
627,Student_627,68,85
628,Student_628,69,50
629,Student_629,66,75
630,Student_630,100,84
631,Student_631,58,86
632,Student_632,57,94
633,Student_633,88,98
634,Student_634,62,89
635,Student_635,72,85
636,Student_636,71,78
637,Student_637,58,96
638,Student_638,54,66
639,Student_639,99,92
640,Student_640,67,75
641,Student_641,100,66
642,Student_642,57,69
643,Student_643,90,76
644,Student_644,66,69
645,Student_645,59,69
646,Student_646,66,63
647,Student_647,74,60
648,Student_648,59,55
649,Student_649,72,67
650,Student_650,52,74
651,Student_651,88,62
652,Student_652,87,58
653,Student_653,58,85
654,Student_654,52,72
655,Student_655,87,57
656,Student_656,59,78
657,Student_657,72,51
658,Student_658,52,92
659,Student_659,87,75
660,Student_660,66,86
661,Student_661,79,60
662,Student_662,65,70
663,Student_663,76,63
664,Student_664,70,60
665,Student_665,71,64
666,Student_666,56,69
667,Student_667,58,81
668,Student_668,78,54
669,Student_669,85,92
670,Student_670,77,99
671,Student_671,68,92
672,Student_672,95,53
673,Student_673,74,60
674,Student_674,60,85
675,Student_675,94,72
676,Student_676,70,91
677,Student_677,57,64
678,Student_678,72,52
679,Student_679,63,55
680,Student_680,61,55
681,Student_681,72,77
682,Student_682,57,83
683,Student_683,68,87
684,Student_684,71,78
685,Student_685,70,62
686,Student_686,61,73
687,Student_687,65,68
688,Student_688,90,95
689,Student_689,80,69
690,Student_690,99,57
691,Student_691,58,50
692,Student_692,71,87
693,Student_693,86,76
694,Student_694,90,75
695,Student_695,51,52
696,Student_696,90,50
697,Student_697,50,90
698,Student_698,56,52
699,Student_699,94,76
700,Student_700,80,60
701,Student_701,92,78
702,Student_702,65,68
703,Student_703,65,82
704,Student_704,99,76
705,Student_705,71,60
706,Student_706,84,61
707,Student_707,87,71
708,Student_708,51,99
709,Student_709,89,50
710,Student_710,77,93
711,Student_711,93,69
712,Student_712,82,90
713,Student_713,53,97
714,Student_714,90,73
715,Student_715,95,58
716,Student_716,53,76
717,Student_717,76,86
718,Student_718,73,63
719,Student_719,55,86
720,Student_720,59,56
721,Student_721,57,98
722,Student_722,74,74
723,Student_723,62,54
724,Student_724,50,76
725,Student_725,79,98
726,Student_726,70,94
727,Student_727,79,91
728,Student_728,81,74
729,Student_729,75,56
730,Student_730,98,50
731,Student_731,92,97
732,Student_732,91,57
733,Student_733,62,99
734,Student_734,94,58
735,Student_735,58,64
736,Student_736,88,59
737,Student_737,74,97
738,Student_738,64,69
739,Student_739,90,93
740,Student_740,75,87
741,Student_741,84,64
742,Student_742,55,52
743,Student_743,63,64
744,Student_744,100,100
745,Student_745,61,95
746,Student_746,58,77
747,Student_747,70,99
748,Student_748,67,53
749,Student_749,99,62
750,Student_750,71,53
751,Student_751,82,72
752,Student_752,72,55
753,Student_753,92,79
754,Student_754,75,52
755,Student_755,55,57
756,Student_756,89,85
757,Student_757,83,69
758,Student_758,96,81
759,Student_759,81,59
760,Student_760,82,50
761,Student_761,60,53
762,Student_762,91,57
763,Student_763,89,57
764,Student_764,71,85
765,Student_765,52,93
766,Student_766,99,54
767,Student_767,64,83
768,Student_768,96,75
769,Student_769,50,92
770,Student_770,85,84
771,Student_771,89,96
772,Student_772,94,65
773,Student_773,80,70
774,Student_774,61,100
775,Student_775,58,94
776,Student_776,77,55
777,Student_777,68,82
778,Student_778,59,100
779,Student_779,51,74
780,Student_780,90,86
781,Student_781,95,55
782,Student_782,68,79
783,Student_783,70,66
784,Student_784,57,65
785,Student_785,77,63
786,Student_786,94,86
787,Student_787,63,68
788,Student_788,59,75
789,Student_789,50,70
790,Student_790,68,71
791,Student_791,99,86
792,Student_792,65,67
793,Student_793,99,50
794,Student_794,95,51
795,Student_795,55,82
796,Student_796,75,84
797,Student_797,74,95
798,Student_798,69,84
799,Student_799,66,90
800,Student_800,94,53
801,Student_801,73,91
802,Student_802,90,83
803,Student_803,80,62
804,Student_804,78,50
805,Student_805,56,64
806,Student_806,100,51
807,Student_807,51,79
808,Student_808,73,81
809,Student_809,82,78
810,Student_810,59,51
811,Student_811,69,61
812,Student_812,58,50
813,Student_813,92,84
814,Student_814,59,53
815,Student_815,77,56
816,Student_816,73,84
817,Student_817,79,97
818,Student_818,67,90
819,Student_819,56,95
820,Student_820,74,81
821,Student_821,66,52
822,Student_822,76,86
823,Student_823,100,69
824,Student_824,98,58
825,Student_825,74,56
826,Student_826,86,71
827,Student_827,95,74
828,Student_828,55,79
829,Student_829,52,90
830,Student_830,70,50
831,Student_831,51,58
832,Student_832,60,71
833,Student_833,60,87
834,Student_834,71,86
835,Student_835,98,87
836,Student_836,55,55
837,Student_837,91,84
838,Student_838,100,66
839,Student_839,94,93
840,Student_840,69,81
841,Student_841,55,81
842,Student_842,79,69
843,Student_843,63,94
844,Student_844,52,97
845,Student_845,71,84
846,Student_846,74,79
847,Student_847,91,58
848,Student_848,83,89
849,Student_849,78,72
850,Student_850,84,64
851,Student_851,65,52
852,Student_852,97,99
853,Student_853,80,75
854,Student_854,70,72
855,Student_855,54,66
856,Student_856,92,59
857,Student_857,89,79
858,Student_858,69,58
859,Student_859,97,95
860,Student_860,65,56
861,Student_861,60,89
862,Student_862,73,79
863,Student_863,73,77
864,Student_864,50,91
865,Student_865,71,66
866,Student_866,89,76
867,Student_867,79,70
868,Student_868,95,100
869,Student_869,69,51
870,Student_870,73,93
871,Student_871,98,77
872,Student_872,54,86
873,Student_873,51,64
874,Student_874,63,97
875,Student_875,63,97
876,Student_876,69,88
877,Student_877,66,70
878,Student_878,90,78
879,Student_879,57,52
880,Student_880,72,59
881,Student_881,55,63
882,Student_882,94,78
883,Student_883,69,77
884,Student_884,86,51
885,Student_885,53,79
886,Student_886,53,76
887,Student_887,87,50
888,Student_888,92,90
889,Student_889,98,73
890,Student_890,59,61
891,Student_891,53,69
892,Student_892,63,58
893,Student_893,70,52
894,Student_894,57,53
895,Student_895,90,83
896,Student_896,94,81
897,Student_897,81,76
898,Student_898,60,56
899,Student_899,64,54
900,Student_900,98,94
901,Student_901,52,67
902,Student_902,75,56
903,Student_903,73,99
904,Student_904,86,96
905,Student_905,69,77
906,Student_906,76,83
907,Student_907,66,54
908,Student_908,95,89
909,Student_909,84,71
910,Student_910,55,89
911,Student_911,96,85
912,Student_912,70,99
913,Student_913,87,84
914,Student_914,64,88
915,Student_915,72,50
916,Student_916,79,55
917,Student_917,73,59
918,Student_918,52,81
919,Student_919,72,52
920,Student_920,86,89
921,Student_921,76,95
922,Student_922,61,56
923,Student_923,97,57
924,Student_924,50,64
925,Student_925,91,86
926,Student_926,81,59
927,Student_927,55,100
928,Student_928,71,67
929,Student_929,67,90
930,Student_930,93,58
931,Student_931,89,66
932,Student_932,99,56
933,Student_933,93,86
934,Student_934,65,62
935,Student_935,61,81
936,Student_936,67,79
937,Student_937,91,100
938,Student_938,54,68
939,Student_939,98,86
940,Student_940,69,71
941,Student_941,87,57
942,Student_942,67,99
943,Student_943,62,93
944,Student_944,81,79
945,Student_945,67,69
946,Student_946,95,85
947,Student_947,98,54
948,Student_948,82,55
949,Student_949,51,100
950,Student_950,72,53
951,Student_951,80,88
952,Student_952,51,60
953,Student_953,99,92
954,Student_954,78,78
955,Student_955,70,89
956,Student_956,54,71
957,Student_957,93,98
958,Student_958,73,80
959,Student_959,68,71
960,Student_960,63,90
961,Student_961,94,76
962,Student_962,69,84
963,Student_963,52,58
964,Student_964,64,68
965,Student_965,96,52
966,Student_966,50,67
967,Student_967,59,87
968,Student_968,92,78
969,Student_969,91,91
970,Student_970,87,87
971,Student_971,93,89
972,Student_972,100,71
973,Student_973,72,99
974,Student_974,66,80
975,Student_975,85,51
976,Student_976,72,58
977,Student_977,57,64
978,Student_978,93,75
979,Student_979,56,76
980,Student_980,73,65
981,Student_981,56,94
982,Student_982,78,64
983,Student_983,81,89
984,Student_984,55,87
985,Student_985,62,83
986,Student_986,57,61
987,Student_987,77,87
988,Student_988,80,96
989,Student_989,64,66
990,Student_990,74,74
991,Student_991,68,80
992,Student_992,55,51
993,Student_993,99,67
994,Student_994,76,84
995,Student_995,64,95
996,Student_996,90,68
997,Student_997,60,74
998,Student_998,72,83
999,Student_999,88,95
1000,Student_1000,69,67
1001,Student_1001,92,93
1002,Student_1002,69,52
1003,Student_1003,85,95
1004,Student_1004,57,80
1005,Student_1005,87,86
1006,Student_1006,79,59
1007,Student_1007,52,96
1008,Student_1008,55,93
1009,Student_1009,77,52
1010,Student_1010,82,71
1011,Student_1011,56,85
1012,Student_1012,56,99
1013,Student_1013,71,56
1014,Student_1014,56,72
1015,Student_1015,54,58
1016,Student_1016,93,98
1017,Student_1017,85,53
1018,Student_1018,67,95
1019,Student_1019,69,58
1020,Student_1020,53,90
1021,Student_1021,94,87
1022,Student_1022,87,75
1023,Student_1023,73,68
1024,Student_1024,100,73
1025,Student_1025,59,77
1026,Student_1026,52,86
1027,Student_1027,63,80
1028,Student_1028,65,63
1029,Student_1029,77,60
1030,Student_1030,62,61
1031,Student_1031,65,50
1032,Student_1032,68,81
1033,Student_1033,70,90
1034,Student_1034,69,62
1035,Student_1035,100,65
1036,Student_1036,96,66
1037,Student_1037,88,84
1038,Student_1038,66,87
1039,Student_1039,60,99
1040,Student_1040,79,89
1041,Student_1041,80,59
1042,Student_1042,79,66
1043,Student_1043,61,61
1044,Student_1044,62,99
1045,Student_1045,80,70
1046,Student_1046,98,73
1047,Student_1047,74,75
1048,Student_1048,66,77
1049,Student_1049,98,80
1050,Student_1050,73,90
1051,Student_1051,59,64
1052,Student_1052,83,71
1053,Student_1053,92,100
1054,Student_1054,79,67
1055,Student_1055,56,68
1056,Student_1056,87,97
1057,Student_1057,97,58
1058,Student_1058,56,67
1059,Student_1059,93,86
1060,Student_1060,56,78
1061,Student_1061,77,96
1062,Student_1062,53,80
1063,Student_1063,93,100
1064,Student_1064,91,60
1065,Student_1065,87,69
1066,Student_1066,74,50
1067,Student_1067,52,50
1068,Student_1068,96,55
1069,Student_1069,69,54
1070,Student_1070,71,84
1071,Student_1071,53,72
1072,Student_1072,68,58
1073,Student_1073,87,54
1074,Student_1074,56,76
1075,Student_1075,56,75
1076,Student_1076,79,64
1077,Student_1077,56,86
1078,Student_1078,87,81
1079,Student_1079,66,74
1080,Student_1080,82,83
1081,Student_1081,60,71
1082,Student_1082,51,53
1083,Student_1083,50,78
1084,Student_1084,64,83
1085,Student_1085,99,72
1086,Student_1086,92,50
1087,Student_1087,52,64
1088,Student_1088,87,95
1089,Student_1089,59,65
1090,Student_1090,54,93
1091,Student_1091,70,76
1092,Student_1092,79,68
1093,Student_1093,58,56
1094,Student_1094,55,92
1095,Student_1095,61,68
1096,Student_1096,93,60
1097,Student_1097,91,70
1098,Student_1098,77,52
1099,Student_1099,74,71
1100,Student_1100,90,97
1101,Student_1101,70,90
1102,Student_1102,92,79
1103,Student_1103,70,67
1104,Student_1104,79,68
1105,Student_1105,78,76
1106,Student_1106,94,81
1107,Student_1107,76,89
1108,Student_1108,56,100
1109,Student_1109,51,85
1110,Student_1110,86,54
1111,Student_1111,65,84
1112,Student_1112,77,83
1113,Student_1113,63,94
1114,Student_1114,91,89
1115,Student_1115,70,62
1116,Student_1116,93,80
1117,Student_1117,66,56
1118,Student_1118,57,98
1119,Student_1119,52,65
1120,Student_1120,77,78
1121,Student_1121,71,98
1122,Student_1122,52,86
1123,Student_1123,62,86
1124,Student_1124,53,65
1125,Student_1125,57,70
1126,Student_1126,85,85
1127,Student_1127,68,59
1128,Student_1128,58,82
1129,Student_1129,50,93
1130,Student_1130,56,73
1131,Student_1131,67,88
1132,Student_1132,87,92
1133,Student_1133,70,80
1134,Student_1134,81,52
1135,Student_1135,74,73
1136,Student_1136,97,93
1137,Student_1137,78,65
1138,Student_1138,79,51
1139,Student_1139,95,96
1140,Student_1140,79,78
1141,Student_1141,85,56
1142,Student_1142,57,80
1143,Student_1143,74,88
1144,Student_1144,100,84
1145,Student_1145,60,58
1146,Student_1146,95,73
1147,Student_1147,68,57
1148,Student_1148,58,73
1149,Student_1149,86,56
1150,Student_1150,80,73
1151,Student_1151,87,66
1152,Student_1152,73,86
1153,Student_1153,89,70
1154,Student_1154,66,61
1155,Student_1155,81,75
1156,Student_1156,98,97
1157,Student_1157,78,59
1158,Student_1158,78,93
1159,Student_1159,63,74
1160,Student_1160,57,80
1161,Student_1161,67,86
1162,Student_1162,91,77
1163,Student_1163,87,62
1164,Student_1164,96,98
1165,Student_1165,57,53
1166,Student_1166,70,74
1167,Student_1167,61,60
1168,Student_1168,70,93
1169,Student_1169,98,50
1170,Student_1170,88,74
1171,Student_1171,55,80
1172,Student_1172,79,70
1173,Student_1173,67,70
1174,Student_1174,85,89
1175,Student_1175,85,97
1176,Student_1176,83,73
1177,Student_1177,56,76
1178,Student_1178,54,52
1179,Student_1179,95,84
1180,Student_1180,94,52
1181,Student_1181,50,87
1182,Student_1182,74,95
1183,Student_1183,62,50
1184,Student_1184,98,72
1185,Student_1185,57,59
1186,Student_1186,74,96
1187,Student_1187,62,95
1188,Student_1188,73,97
1189,Student_1189,76,89
1190,Student_1190,55,81
1191,Student_1191,66,82
1192,Student_1192,93,82
1193,Student_1193,69,61
1194,Student_1194,95,85
1195,Student_1195,85,73
1196,Student_1196,53,94
1197,Student_1197,98,66
1198,Student_1198,71,60
1199,Student_1199,52,81
1200,Student_1200,65,53
1201,Student_1201,64,91
1202,Student_1202,70,91
1203,Student_1203,98,52
1204,Student_1204,58,50
1205,Student_1205,67,85
1206,Student_1206,56,89
1207,Student_1207,65,93
1208,Student_1208,73,64
1209,Student_1209,62,54
1210,Student_1210,61,94
1211,Student_1211,89,78
1212,Student_1212,83,65
1213,Student_1213,70,71
1214,Student_1214,54,84
1215,Student_1215,83,73
1216,Student_1216,88,83
1217,Student_1217,78,79
1218,Student_1218,82,84
1219,Student_1219,73,78
1220,Student_1220,53,99
1221,Student_1221,58,74
1222,Student_1222,74,86
1223,Student_1223,50,57
1224,Student_1224,61,67
1225,Student_1225,85,100
1226,Student_1226,58,86
1227,Student_1227,85,96
1228,Student_1228,69,70
1229,Student_1229,79,63
1230,Student_1230,58,87
1231,Student_1231,100,76
1232,Student_1232,65,96
1233,Student_1233,65,98
1234,Student_1234,76,51
1235,Student_1235,97,69
1236,Student_1236,90,92
1237,Student_1237,73,56
1238,Student_1238,75,92
1239,Student_1239,75,83
1240,Student_1240,83,78
1241,Student_1241,99,52
1242,Student_1242,94,99
1243,Student_1243,51,60
1244,Student_1244,56,89
1245,Student_1245,64,83
1246,Student_1246,89,77
1247,Student_1247,95,83
1248,Student_1248,64,78
1249,Student_1249,58,51
1250,Student_1250,88,67
1251,Student_1251,56,99
1252,Student_1252,98,63
1253,Student_1253,87,100
1254,Student_1254,67,70
1255,Student_1255,68,93
1256,Student_1256,80,65
1257,Student_1257,64,57
1258,Student_1258,81,78
1259,Student_1259,95,98
1260,Student_1260,93,64
1261,Student_1261,56,91
1262,Student_1262,52,72
1263,Student_1263,77,50
1264,Student_1264,55,89
1265,Student_1265,58,81
1266,Student_1266,81,65
1267,Student_1267,76,52
1268,Student_1268,77,79
1269,Student_1269,78,61
1270,Student_1270,65,69
1271,Student_1271,62,95
1272,Student_1272,99,94
1273,Student_1273,60,64
1274,Student_1274,85,73
1275,Student_1275,81,94
1276,Student_1276,98,59
1277,Student_1277,71,77
1278,Student_1278,69,63
1279,Student_1279,55,83
1280,Student_1280,96,86
1281,Student_1281,79,100
1282,Student_1282,90,92
1283,Student_1283,92,58
1284,Student_1284,51,86
1285,Student_1285,79,71
1286,Student_1286,99,74
1287,Student_1287,95,85
1288,Student_1288,55,94
1289,Student_1289,94,96
1290,Student_1290,97,61
1291,Student_1291,96,99
1292,Student_1292,72,89
1293,Student_1293,50,81
1294,Student_1294,82,60
1295,Student_1295,62,63
1296,Student_1296,83,59
1297,Student_1297,70,53
1298,Student_1298,86,80
1299,Student_1299,82,92
1300,Student_1300,69,88
1301,Student_1301,83,69
1302,Student_1302,64,59
1303,Student_1303,99,86
1304,Student_1304,91,64
1305,Student_1305,62,54
1306,Student_1306,82,60
1307,Student_1307,72,77
1308,Student_1308,92,86
1309,Student_1309,81,79
1310,Student_1310,83,98
1311,Student_1311,90,75
1312,Student_1312,86,77
1313,Student_1313,95,96
1314,Student_1314,85,59
1315,Student_1315,52,100
1316,Student_1316,72,76
1317,Student_1317,64,93
1318,Student_1318,53,58
1319,Student_1319,62,67
1320,Student_1320,76,68
1321,Student_1321,57,61
1322,Student_1322,51,51
1323,Student_1323,86,95
1324,Student_1324,67,75
1325,Student_1325,60,93
1326,Student_1326,73,100
1327,Student_1327,75,79
1328,Student_1328,93,85
1329,Student_1329,58,94
1330,Student_1330,55,57
1331,Student_1331,63,74
1332,Student_1332,82,59
1333,Student_1333,94,60
1334,Student_1334,63,65
1335,Student_1335,51,57
1336,Student_1336,67,59
1337,Student_1337,58,83
1338,Student_1338,53,97
1339,Student_1339,83,98
1340,Student_1340,61,60
1341,Student_1341,66,91
1342,Student_1342,97,62
1343,Student_1343,54,86
1344,Student_1344,52,72
1345,Student_1345,79,52
1346,Student_1346,66,83
1347,Student_1347,77,91
1348,Student_1348,54,54
1349,Student_1349,84,56
1350,Student_1350,85,62
1351,Student_1351,70,51
1352,Student_1352,52,53
1353,Student_1353,97,54
1354,Student_1354,55,71
1355,Student_1355,59,87
1356,Student_1356,74,74
1357,Student_1357,59,56
1358,Student_1358,88,78
1359,Student_1359,70,98
1360,Student_1360,93,72
1361,Student_1361,73,53
1362,Student_1362,60,85
1363,Student_1363,71,60
1364,Student_1364,57,61
1365,Student_1365,65,96
1366,Student_1366,71,62
1367,Student_1367,93,71
1368,Student_1368,68,53
1369,Student_1369,76,58
1370,Student_1370,94,54
1371,Student_1371,57,71
1372,Student_1372,93,70
1373,Student_1373,55,55
1374,Student_1374,61,60
1375,Student_1375,99,83
1376,Student_1376,83,74
1377,Student_1377,87,97
1378,Student_1378,89,71
1379,Student_1379,50,76
1380,Student_1380,68,67
1381,Student_1381,59,94
1382,Student_1382,64,51
1383,Student_1383,90,96
1384,Student_1384,97,96
1385,Student_1385,69,77
1386,Student_1386,80,51
1387,Student_1387,59,90
1388,Student_1388,51,98
1389,Student_1389,64,75
1390,Student_1390,74,100
1391,Student_1391,73,63
1392,Student_1392,99,69
1393,Student_1393,74,82
1394,Student_1394,72,81
1395,Student_1395,61,87
1396,Student_1396,83,52
1397,Student_1397,100,80
1398,Student_1398,56,91
1399,Student_1399,96,75
1400,Student_1400,78,84
1401,Student_1401,84,82
1402,Student_1402,98,89
1403,Student_1403,73,83
1404,Student_1404,56,66
1405,Student_1405,71,56
1406,Student_1406,83,74
1407,Student_1407,81,52
1408,Student_1408,69,50
1409,Student_1409,83,62
1410,Student_1410,71,66
1411,Student_1411,73,92
1412,Student_1412,50,68
1413,Student_1413,82,92
1414,Student_1414,78,82
1415,Student_1415,68,88
1416,Student_1416,71,82
1417,Student_1417,54,97
1418,Student_1418,68,50
1419,Student_1419,53,60
1420,Student_1420,80,75
1421,Student_1421,67,95
1422,Student_1422,67,51
1423,Student_1423,82,85
1424,Student_1424,54,60
1425,Student_1425,65,85
1426,Student_1426,50,74
1427,Student_1427,85,77
1428,Student_1428,89,63
1429,Student_1429,71,95
1430,Student_1430,87,82
1431,Student_1431,85,100
1432,Student_1432,53,60
1433,Student_1433,72,64
1434,Student_1434,74,77
1435,Student_1435,77,57
1436,Student_1436,69,60
1437,Student_1437,66,73
1438,Student_1438,99,99
1439,Student_1439,54,78
1440,Student_1440,59,64
1441,Student_1441,91,100
1442,Student_1442,88,87
1443,Student_1443,66,68
1444,Student_1444,98,89
1445,Student_1445,76,58
1446,Student_1446,65,71
1447,Student_1447,67,50
1448,Student_1448,50,58
1449,Student_1449,85,90
1450,Student_1450,100,87
1451,Student_1451,91,75
1452,Student_1452,73,92
1453,Student_1453,55,92
1454,Student_1454,76,94
1455,Student_1455,78,76
1456,Student_1456,87,59
1457,Student_1457,85,93
1458,Student_1458,84,95
1459,Student_1459,95,86
1460,Student_1460,56,86
1461,Student_1461,88,69
1462,Student_1462,70,64
1463,Student_1463,78,59
1464,Student_1464,70,90
1465,Student_1465,59,91
1466,Student_1466,58,58
1467,Student_1467,86,76
1468,Student_1468,69,51
1469,Student_1469,56,76
1470,Student_1470,65,92
1471,Student_1471,69,86
1472,Student_1472,59,82
1473,Student_1473,62,88
1474,Student_1474,77,69
1475,Student_1475,90,82
1476,Student_1476,67,56
1477,Student_1477,51,96
1478,Student_1478,88,96
1479,Student_1479,70,66
1480,Student_1480,98,52
1481,Student_1481,92,72
1482,Student_1482,81,63
1483,Student_1483,77,75
1484,Student_1484,54,82
1485,Student_1485,58,92
1486,Student_1486,73,83
1487,Student_1487,69,77
1488,Student_1488,63,56
1489,Student_1489,77,55
1490,Student_1490,65,100
1491,Student_1491,50,73
1492,Student_1492,93,66
1493,Student_1493,71,54
1494,Student_1494,75,61
1495,Student_1495,67,56
1496,Student_1496,65,83
1497,Student_1497,83,90
1498,Student_1498,51,76
1499,Student_1499,59,67
1500,Student_1500,76,77
1501,Student_1501,86,88
1502,Student_1502,95,67
1503,Student_1503,56,57
1504,Student_1504,73,78
1505,Student_1505,61,54
1506,Student_1506,80,74
1507,Student_1507,53,73
1508,Student_1508,83,66
1509,Student_1509,62,59
1510,Student_1510,58,75
1511,Student_1511,70,83
1512,Student_1512,97,81
1513,Student_1513,89,70
1514,Student_1514,67,70
1515,Student_1515,69,89
1516,Student_1516,56,60
1517,Student_1517,81,78
1518,Student_1518,78,98
1519,Student_1519,78,86
1520,Student_1520,80,52
1521,Student_1521,84,79
1522,Student_1522,77,92
1523,Student_1523,88,54
1524,Student_1524,82,50
1525,Student_1525,96,52
1526,Student_1526,90,69
1527,Student_1527,66,52
1528,Student_1528,53,73
1529,Student_1529,87,69
1530,Student_1530,65,66
1531,Student_1531,74,61
1532,Student_1532,96,100
1533,Student_1533,98,91
1534,Student_1534,92,62
1535,Student_1535,61,77
1536,Student_1536,63,61
1537,Student_1537,51,56
1538,Student_1538,58,55
1539,Student_1539,70,96
1540,Student_1540,74,100
1541,Student_1541,74,67
1542,Student_1542,65,60
1543,Student_1543,90,78
1544,Student_1544,87,59
1545,Student_1545,78,74
1546,Student_1546,72,79
1547,Student_1547,82,79
1548,Student_1548,55,55
1549,Student_1549,74,67
1550,Student_1550,77,68
1551,Student_1551,94,62
1552,Student_1552,82,93
1553,Student_1553,81,71
1554,Student_1554,53,87
1555,Student_1555,77,99
1556,Student_1556,69,68
1557,Student_1557,78,84
1558,Student_1558,62,88
1559,Student_1559,73,95
1560,Student_1560,80,71
1561,Student_1561,71,77
1562,Student_1562,67,65
1563,Student_1563,78,60
1564,Student_1564,59,87
1565,Student_1565,81,50
1566,Student_1566,59,68
1567,Student_1567,75,95
1568,Student_1568,66,86
1569,Student_1569,81,97
1570,Student_1570,57,60
1571,Student_1571,51,58
1572,Student_1572,95,93
1573,Student_1573,97,91
1574,Student_1574,78,81
1575,Student_1575,90,54
1576,Student_1576,91,92
1577,Student_1577,63,51
1578,Student_1578,77,63
1579,Student_1579,67,83
1580,Student_1580,72,52
1581,Student_1581,57,64
1582,Student_1582,72,88
1583,Student_1583,98,59
1584,Student_1584,100,84
1585,Student_1585,92,52
1586,Student_1586,98,89
1587,Student_1587,75,71
1588,Student_1588,52,73
1589,Student_1589,89,59
1590,Student_1590,73,86
1591,Student_1591,58,93
1592,Student_1592,68,64
1593,Student_1593,87,99
1594,Student_1594,50,59
1595,Student_1595,68,58
1596,Student_1596,55,88
1597,Student_1597,64,76
1598,Student_1598,60,51
1599,Student_1599,62,60
1600,Student_1600,91,55
1601,Student_1601,55,91
1602,Student_1602,74,74
1603,Student_1603,93,88
1604,Student_1604,62,76
1605,Student_1605,82,94
1606,Student_1606,61,99
1607,Student_1607,62,68
1608,Student_1608,55,75
1609,Student_1609,69,74
1610,Student_1610,79,55
1611,Student_1611,65,60
1612,Student_1612,84,59
1613,Student_1613,70,67
1614,Student_1614,77,93
1615,Student_1615,67,62
1616,Student_1616,79,76
1617,Student_1617,59,61
1618,Student_1618,94,87
1619,Student_1619,71,86
1620,Student_1620,59,54
1621,Student_1621,69,81
1622,Student_1622,75,79
1623,Student_1623,92,55
1624,Student_1624,56,65
1625,Student_1625,64,96
1626,Student_1626,53,94
1627,Student_1627,82,54
1628,Student_1628,96,77
1629,Student_1629,70,93
1630,Student_1630,94,57
1631,Student_1631,73,60
1632,Student_1632,83,91
1633,Student_1633,90,72
1634,Student_1634,59,62
1635,Student_1635,78,96
1636,Student_1636,91,70
1637,Student_1637,54,78
1638,Student_1638,71,61
1639,Student_1639,71,58
1640,Student_1640,61,57
1641,Student_1641,84,51
1642,Student_1642,63,94
1643,Student_1643,87,92
1644,Student_1644,93,72
1645,Student_1645,95,65
1646,Student_1646,77,61
1647,Student_1647,73,62
1648,Student_1648,84,97
1649,Student_1649,89,57
1650,Student_1650,89,50
1651,Student_1651,82,81
1652,Student_1652,94,64
1653,Student_1653,89,62
1654,Student_1654,76,76
1655,Student_1655,72,88
1656,Student_1656,65,78
1657,Student_1657,78,77
1658,Student_1658,62,95
1659,Student_1659,52,65
1660,Student_1660,90,96
1661,Student_1661,82,73
1662,Student_1662,91,90
1663,Student_1663,70,98
1664,Student_1664,97,89
1665,Student_1665,86,99
1666,Student_1666,75,53
1667,Student_1667,66,66
1668,Student_1668,50,66
1669,Student_1669,55,53
1670,Student_1670,63,100
1671,Student_1671,51,64
1672,Student_1672,95,51
1673,Student_1673,56,99
1674,Student_1674,100,57
1675,Student_1675,80,78
1676,Student_1676,97,87
1677,Student_1677,52,50
1678,Student_1678,55,79
1679,Student_1679,58,90
1680,Student_1680,56,62
1681,Student_1681,73,81
1682,Student_1682,90,83
1683,Student_1683,67,83
1684,Student_1684,65,85
1685,Student_1685,71,72
1686,Student_1686,90,97
1687,Student_1687,89,88
1688,Student_1688,73,52
1689,Student_1689,99,71
1690,Student_1690,60,78
1691,Student_1691,67,69
1692,Student_1692,63,79
1693,Student_1693,67,62
1694,Student_1694,73,53
1695,Student_1695,50,51
1696,Student_1696,62,59
1697,Student_1697,79,69
1698,Student_1698,59,87
1699,Student_1699,89,72
1700,Student_1700,88,51
1701,Student_1701,90,97
1702,Student_1702,83,58
1703,Student_1703,81,81
1704,Student_1704,91,99
1705,Student_1705,50,53
1706,Student_1706,54,72
1707,Student_1707,64,92
1708,Student_1708,67,97
1709,Student_1709,65,99
1710,Student_1710,89,63
1711,Student_1711,53,74
1712,Student_1712,72,71
1713,Student_1713,87,56
1714,Student_1714,60,57
1715,Student_1715,63,85
1716,Student_1716,73,79
1717,Student_1717,57,94
1718,Student_1718,89,61
1719,Student_1719,92,76
1720,Student_1720,99,86
1721,Student_1721,85,50
1722,Student_1722,90,82
1723,Student_1723,90,99
1724,Student_1724,63,67
1725,Student_1725,63,89
1726,Student_1726,58,62
1727,Student_1727,80,53
1728,Student_1728,86,57
1729,Student_1729,55,81
1730,Student_1730,98,57
1731,Student_1731,96,52
1732,Student_1732,80,88
1733,Student_1733,100,66
1734,Student_1734,94,100
1735,Student_1735,77,85
1736,Student_1736,98,72
1737,Student_1737,71,81
1738,Student_1738,54,51
1739,Student_1739,84,77
1740,Student_1740,100,65
1741,Student_1741,52,67
1742,Student_1742,100,97
1743,Student_1743,79,51
1744,Student_1744,61,67
1745,Student_1745,66,95
1746,Student_1746,70,59
1747,Student_1747,78,78
1748,Student_1748,74,81
1749,Student_1749,73,87
1750,Student_1750,98,86
1751,Student_1751,74,84
1752,Student_1752,76,84
1753,Student_1753,59,72
1754,Student_1754,62,70
1755,Student_1755,77,77
1756,Student_1756,96,72
1757,Student_1757,66,97
1758,Student_1758,76,95
1759,Student_1759,81,64
1760,Student_1760,92,75
1761,Student_1761,85,75
1762,Student_1762,92,75
1763,Student_1763,60,55
1764,Student_1764,51,83
1765,Student_1765,56,84
1766,Student_1766,96,90
1767,Student_1767,81,53
1768,Student_1768,96,57
1769,Student_1769,93,93
1770,Student_1770,59,66
1771,Student_1771,85,55
1772,Student_1772,81,78
1773,Student_1773,68,76
1774,Student_1774,94,91
1775,Student_1775,50,69
1776,Student_1776,60,91
1777,Student_1777,95,74
1778,Student_1778,97,91
1779,Student_1779,58,75
1780,Student_1780,81,88
1781,Student_1781,62,91
1782,Student_1782,50,92
1783,Student_1783,78,54
1784,Student_1784,99,76
1785,Student_1785,56,54
1786,Student_1786,81,97
1787,Student_1787,62,69
1788,Student_1788,51,59
1789,Student_1789,75,92
1790,Student_1790,76,76
1791,Student_1791,65,82
1792,Student_1792,97,94
1793,Student_1793,58,79
1794,Student_1794,71,98
1795,Student_1795,97,80
1796,Student_1796,62,99
1797,Student_1797,89,98
1798,Student_1798,52,91
1799,Student_1799,63,74
1800,Student_1800,94,59
1801,Student_1801,65,75
1802,Student_1802,92,66
1803,Student_1803,68,75
1804,Student_1804,72,56
1805,Student_1805,82,76
1806,Student_1806,55,72
1807,Student_1807,85,86
1808,Student_1808,89,63
1809,Student_1809,59,77
1810,Student_1810,74,71
1811,Student_1811,61,86
1812,Student_1812,95,66
1813,Student_1813,64,99
1814,Student_1814,97,94
1815,Student_1815,51,82
1816,Student_1816,85,96
1817,Student_1817,62,83
1818,Student_1818,71,94
1819,Student_1819,73,57
1820,Student_1820,84,68
1821,Student_1821,51,74
1822,Student_1822,67,100
1823,Student_1823,83,91
1824,Student_1824,69,66
1825,Student_1825,90,74
1826,Student_1826,88,68
1827,Student_1827,58,85
1828,Student_1828,78,83
1829,Student_1829,54,91
1830,Student_1830,73,66
1831,Student_1831,72,68
1832,Student_1832,55,72
1833,Student_1833,64,50
1834,Student_1834,88,97
1835,Student_1835,67,88
1836,Student_1836,98,70
1837,Student_1837,72,88
1838,Student_1838,79,61
1839,Student_1839,72,58
1840,Student_1840,65,73
1841,Student_1841,86,52
1842,Student_1842,52,80
1843,Student_1843,68,88
1844,Student_1844,84,88
1845,Student_1845,70,60
1846,Student_1846,64,87
1847,Student_1847,85,61
1848,Student_1848,67,64
1849,Student_1849,70,66
1850,Student_1850,76,87
1851,Student_1851,65,71
1852,Student_1852,85,51
1853,Student_1853,69,65
1854,Student_1854,93,92
1855,Student_1855,88,94
1856,Student_1856,83,69
1857,Student_1857,74,51
1858,Student_1858,71,63
1859,Student_1859,57,96
1860,Student_1860,63,64
1861,Student_1861,70,62
1862,Student_1862,52,51
1863,Student_1863,84,72
1864,Student_1864,95,53
1865,Student_1865,71,100
1866,Student_1866,100,71
1867,Student_1867,74,53
1868,Student_1868,96,59
1869,Student_1869,95,67
1870,Student_1870,69,98
1871,Student_1871,81,99
1872,Student_1872,85,95
1873,Student_1873,82,75
1874,Student_1874,85,58
1875,Student_1875,56,54
1876,Student_1876,79,91
1877,Student_1877,98,64
1878,Student_1878,61,59
1879,Student_1879,64,89
1880,Student_1880,61,75
1881,Student_1881,53,82
1882,Student_1882,90,67
1883,Student_1883,70,62
1884,Student_1884,58,82
1885,Student_1885,87,86
1886,Student_1886,96,58
1887,Student_1887,89,94
1888,Student_1888,73,88
1889,Student_1889,60,56
1890,Student_1890,87,84
1891,Student_1891,52,94
1892,Student_1892,78,85
1893,Student_1893,97,92
1894,Student_1894,67,59
1895,Student_1895,71,57
1896,Student_1896,85,100
1897,Student_1897,65,73
1898,Student_1898,63,51
1899,Student_1899,71,54
1900,Student_1900,98,96
1901,Student_1901,54,96
1902,Student_1902,76,70
1903,Student_1903,64,97
1904,Student_1904,72,58
1905,Student_1905,60,87
1906,Student_1906,76,54
1907,Student_1907,58,86
1908,Student_1908,94,63
1909,Student_1909,82,68
1910,Student_1910,59,71
1911,Student_1911,53,89
1912,Student_1912,57,88
1913,Student_1913,96,71
1914,Student_1914,73,58
1915,Student_1915,81,94
1916,Student_1916,95,69
1917,Student_1917,72,90
1918,Student_1918,94,58
1919,Student_1919,50,68
1920,Student_1920,61,62
1921,Student_1921,67,100
1922,Student_1922,94,90
1923,Student_1923,72,96
1924,Student_1924,67,78
1925,Student_1925,80,85
1926,Student_1926,88,97
1927,Student_1927,60,90
1928,Student_1928,82,71
1929,Student_1929,83,72
1930,Student_1930,78,66
1931,Student_1931,82,58
1932,Student_1932,70,90
1933,Student_1933,85,50
1934,Student_1934,70,58
1935,Student_1935,80,88
1936,Student_1936,52,88
1937,Student_1937,62,66
1938,Student_1938,74,64
1939,Student_1939,93,97
1940,Student_1940,71,100
1941,Student_1941,89,50
1942,Student_1942,69,83
1943,Student_1943,54,74
1944,Student_1944,71,77
1945,Student_1945,80,100
1946,Student_1946,88,71
1947,Student_1947,97,82
1948,Student_1948,66,99
1949,Student_1949,92,52
1950,Student_1950,86,100
1951,Student_1951,73,53
1952,Student_1952,91,62
1953,Student_1953,64,63
1954,Student_1954,77,54
1955,Student_1955,66,88
1956,Student_1956,95,50
1957,Student_1957,97,83
1958,Student_1958,94,100
1959,Student_1959,61,50
1960,Student_1960,94,74
1961,Student_1961,88,66
1962,Student_1962,79,98
1963,Student_1963,55,78
1964,Student_1964,76,92
1965,Student_1965,71,54
1966,Student_1966,51,94
1967,Student_1967,93,88
1968,Student_1968,67,78
1969,Student_1969,82,54
1970,Student_1970,52,52
1971,Student_1971,56,54
1972,Student_1972,80,70
1973,Student_1973,83,53
1974,Student_1974,61,51
1975,Student_1975,55,100
1976,Student_1976,64,76
1977,Student_1977,60,89
1978,Student_1978,58,77
1979,Student_1979,81,55
1980,Student_1980,54,62
1981,Student_1981,70,75
1982,Student_1982,64,75
1983,Student_1983,71,66
1984,Student_1984,100,78
1985,Student_1985,61,66
1986,Student_1986,51,57
1987,Student_1987,56,56
1988,Student_1988,64,51
1989,Student_1989,69,86
1990,Student_1990,50,98
1991,Student_1991,67,84
1992,Student_1992,96,54
1993,Student_1993,51,88
1994,Student_1994,57,68
1995,Student_1995,67,80
1996,Student_1996,51,67
1997,Student_1997,73,99
1998,Student_1998,67,54
1999,Student_1999,98,60
2000,Student_2000,88,89
2001,Student_2001,71,62
2002,Student_2002,84,78
2003,Student_2003,96,82
2004,Student_2004,80,67
2005,Student_2005,54,79
2006,Student_2006,75,100
2007,Student_2007,75,82
2008,Student_2008,91,70
2009,Student_2009,73,73
2010,Student_2010,80,80
2011,Student_2011,85,88
2012,Student_2012,86,57
2013,Student_2013,73,99
2014,Student_2014,66,64
2015,Student_2015,67,78
2016,Student_2016,74,62
2017,Student_2017,72,87
2018,Student_2018,100,67
2019,Student_2019,64,69
2020,Student_2020,100,94
2021,Student_2021,91,75
2022,Student_2022,85,72
2023,Student_2023,69,52
2024,Student_2024,90,85
2025,Student_2025,73,69
2026,Student_2026,85,63
2027,Student_2027,85,76
2028,Student_2028,51,96
2029,Student_2029,85,100
2030,Student_2030,57,83
2031,Student_2031,92,54
2032,Student_2032,61,66
2033,Student_2033,58,82
2034,Student_2034,85,71
2035,Student_2035,56,85
2036,Student_2036,68,95
2037,Student_2037,54,88
2038,Student_2038,53,60
2039,Student_2039,64,75
2040,Student_2040,91,94
2041,Student_2041,85,72
2042,Student_2042,68,74
2043,Student_2043,63,61
2044,Student_2044,96,88
2045,Student_2045,62,100
2046,Student_2046,100,90
2047,Student_2047,62,97
2048,Student_2048,87,97
2049,Student_2049,81,97
2050,Student_2050,52,54
2051,Student_2051,73,50
2052,Student_2052,80,96
2053,Student_2053,91,64
2054,Student_2054,61,74
2055,Student_2055,75,83
2056,Student_2056,77,63
2057,Student_2057,52,93
2058,Student_2058,64,87
2059,Student_2059,73,52
2060,Student_2060,89,89
2061,Student_2061,71,95
2062,Student_2062,59,91
2063,Student_2063,59,80
2064,Student_2064,80,72
2065,Student_2065,71,55
2066,Student_2066,71,85
2067,Student_2067,72,94
2068,Student_2068,92,82
2069,Student_2069,55,62
2070,Student_2070,92,95
2071,Student_2071,89,94
2072,Student_2072,52,94
2073,Student_2073,57,57
2074,Student_2074,52,98
2075,Student_2075,72,86
2076,Student_2076,52,96
2077,Student_2077,61,98
2078,Student_2078,58,60
2079,Student_2079,53,76
2080,Student_2080,98,58
2081,Student_2081,97,62
2082,Student_2082,86,95
2083,Student_2083,75,69
2084,Student_2084,87,69
2085,Student_2085,68,54
2086,Student_2086,95,58
2087,Student_2087,76,53
2088,Student_2088,69,50
2089,Student_2089,51,86
2090,Student_2090,52,57
2091,Student_2091,68,66
2092,Student_2092,90,94
2093,Student_2093,63,66
2094,Student_2094,65,56
2095,Student_2095,86,54
2096,Student_2096,98,72
2097,Student_2097,54,85
2098,Student_2098,87,79
2099,Student_2099,50,54
2100,Student_2100,87,82
2101,Student_2101,54,88
2102,Student_2102,94,76
2103,Student_2103,80,97
2104,Student_2104,90,59
2105,Student_2105,54,81
2106,Student_2106,53,51
2107,Student_2107,55,76
2108,Student_2108,69,75
2109,Student_2109,72,72
2110,Student_2110,94,86
2111,Student_2111,56,99
2112,Student_2112,75,56
2113,Student_2113,62,53
2114,Student_2114,77,60
2115,Student_2115,95,70
2116,Student_2116,97,73
2117,Student_2117,50,91
2118,Student_2118,68,70
2119,Student_2119,90,51
2120,Student_2120,77,81
2121,Student_2121,63,79
2122,Student_2122,75,74
2123,Student_2123,77,61
2124,Student_2124,91,79
2125,Student_2125,96,66
2126,Student_2126,67,62
2127,Student_2127,83,99
2128,Student_2128,97,84
2129,Student_2129,70,91
2130,Student_2130,53,73
2131,Student_2131,65,84
2132,Student_2132,60,87
2133,Student_2133,51,73
2134,Student_2134,95,52
2135,Student_2135,86,87
2136,Student_2136,57,53
2137,Student_2137,71,65
2138,Student_2138,63,95
2139,Student_2139,50,89
2140,Student_2140,81,58
2141,Student_2141,84,96
2142,Student_2142,84,65
2143,Student_2143,63,65
2144,Student_2144,52,90
2145,Student_2145,90,97
2146,Student_2146,80,89
2147,Student_2147,93,52
2148,Student_2148,70,54
2149,Student_2149,99,75
2150,Student_2150,93,84
2151,Student_2151,58,50
2152,Student_2152,99,82
2153,Student_2153,57,73
2154,Student_2154,83,75
2155,Student_2155,100,59
2156,Student_2156,64,50
2157,Student_2157,98,55
2158,Student_2158,70,66
2159,Student_2159,80,52
2160,Student_2160,86,88
2161,Student_2161,90,62
2162,Student_2162,82,80
2163,Student_2163,91,95
2164,Student_2164,58,68
2165,Student_2165,53,89
2166,Student_2166,84,64
2167,Student_2167,80,73
2168,Student_2168,77,62
2169,Student_2169,75,100
2170,Student_2170,95,57
2171,Student_2171,94,64
2172,Student_2172,77,91
2173,Student_2173,51,78
2174,Student_2174,62,75
2175,Student_2175,99,85
2176,Student_2176,100,54
2177,Student_2177,61,97
2178,Student_2178,66,53
2179,Student_2179,94,57
2180,Student_2180,59,63
2181,Student_2181,55,100
2182,Student_2182,52,51
2183,Student_2183,91,100
2184,Student_2184,54,91
2185,Student_2185,91,92
2186,Student_2186,74,76
2187,Student_2187,83,97
2188,Student_2188,80,75
2189,Student_2189,99,66
2190,Student_2190,66,64
2191,Student_2191,53,75
2192,Student_2192,84,60
2193,Student_2193,51,54
2194,Student_2194,89,90
2195,Student_2195,73,69
2196,Student_2196,53,72
2197,Student_2197,81,90
2198,Student_2198,78,99
2199,Student_2199,90,93
2200,Student_2200,85,57
2201,Student_2201,64,74
2202,Student_2202,63,73
2203,Student_2203,89,60
2204,Student_2204,91,74
2205,Student_2205,69,72
2206,Student_2206,92,89
2207,Student_2207,76,65
2208,Student_2208,60,90
2209,Student_2209,69,90
2210,Student_2210,55,58
2211,Student_2211,52,56
2212,Student_2212,84,74
2213,Student_2213,53,82
2214,Student_2214,82,60
2215,Student_2215,52,76
2216,Student_2216,92,66
2217,Student_2217,91,98
2218,Student_2218,71,78
2219,Student_2219,70,81
2220,Student_2220,82,98
2221,Student_2221,75,70
2222,Student_2222,84,52
2223,Student_2223,50,74
2224,Student_2224,89,97
2225,Student_2225,99,82
2226,Student_2226,86,66
2227,Student_2227,54,57
2228,Student_2228,88,57
2229,Student_2229,89,73
2230,Student_2230,87,52
2231,Student_2231,85,68
2232,Student_2232,75,75
2233,Student_2233,98,71
2234,Student_2234,58,78
2235,Student_2235,83,71
2236,Student_2236,87,75
2237,Student_2237,85,75
2238,Student_2238,71,95
2239,Student_2239,94,88
2240,Student_2240,66,100
2241,Student_2241,66,52
2242,Student_2242,86,55
2243,Student_2243,69,62
2244,Student_2244,73,80
2245,Student_2245,59,63
2246,Student_2246,52,85
2247,Student_2247,94,50
2248,Student_2248,81,85
2249,Student_2249,63,55
2250,Student_2250,76,84
2251,Student_2251,58,86
2252,Student_2252,86,97
2253,Student_2253,99,65
2254,Student_2254,96,54
2255,Student_2255,61,65
2256,Student_2256,57,97
2257,Student_2257,100,88
2258,Student_2258,73,55
2259,Student_2259,77,50
2260,Student_2260,78,85
2261,Student_2261,76,70
2262,Student_2262,54,78
2263,Student_2263,73,74
2264,Student_2264,70,92
2265,Student_2265,92,90
2266,Student_2266,63,83
2267,Student_2267,72,55
2268,Student_2268,71,91
2269,Student_2269,50,83
2270,Student_2270,51,66
2271,Student_2271,93,79
2272,Student_2272,70,82
2273,Student_2273,95,60
2274,Student_2274,91,68
2275,Student_2275,90,95
2276,Student_2276,52,77
2277,Student_2277,80,92
2278,Student_2278,65,72
2279,Student_2279,75,96
2280,Student_2280,52,100
2281,Student_2281,62,68
2282,Student_2282,54,80
2283,Student_2283,67,63
2284,Student_2284,74,87
2285,Student_2285,60,50
2286,Student_2286,88,83
2287,Student_2287,79,94
2288,Student_2288,97,73
2289,Student_2289,57,80
2290,Student_2290,63,92
2291,Student_2291,87,71
2292,Student_2292,73,67
2293,Student_2293,57,50
2294,Student_2294,81,70
2295,Student_2295,62,57
2296,Student_2296,92,100
2297,Student_2297,85,89
2298,Student_2298,56,69
2299,Student_2299,52,92
2300,Student_2300,94,66
2301,Student_2301,56,92
2302,Student_2302,96,77
2303,Student_2303,87,70
2304,Student_2304,71,73
2305,Student_2305,59,81
2306,Student_2306,69,83
2307,Student_2307,83,77
2308,Student_2308,60,53
2309,Student_2309,94,52
2310,Student_2310,82,96
2311,Student_2311,81,100
2312,Student_2312,76,98
2313,Student_2313,68,70
2314,Student_2314,90,76
2315,Student_2315,71,82
2316,Student_2316,73,92
2317,Student_2317,63,57
2318,Student_2318,79,78
2319,Student_2319,66,86
2320,Student_2320,62,65
2321,Student_2321,74,77
2322,Student_2322,71,82
2323,Student_2323,54,63
2324,Student_2324,56,80
2325,Student_2325,88,53
2326,Student_2326,71,100
2327,Student_2327,77,62
2328,Student_2328,65,89
2329,Student_2329,90,80
2330,Student_2330,100,74
2331,Student_2331,94,94
2332,Student_2332,93,51
2333,Student_2333,64,68
2334,Student_2334,52,71
2335,Student_2335,60,73
2336,Student_2336,95,96
2337,Student_2337,90,91
2338,Student_2338,56,85
2339,Student_2339,56,73
2340,Student_2340,80,89
2341,Student_2341,85,51
2342,Student_2342,79,68
2343,Student_2343,63,97
2344,Student_2344,68,85
2345,Student_2345,71,95
2346,Student_2346,84,63
2347,Student_2347,65,72
2348,Student_2348,100,100
2349,Student_2349,55,89
2350,Student_2350,88,51
2351,Student_2351,70,52
2352,Student_2352,66,86
2353,Student_2353,68,61
2354,Student_2354,88,86
2355,Student_2355,85,60
2356,Student_2356,61,71
2357,Student_2357,53,87
2358,Student_2358,62,93
2359,Student_2359,51,81
2360,Student_2360,80,80
2361,Student_2361,53,56
2362,Student_2362,63,53
2363,Student_2363,99,95
2364,Student_2364,62,68
2365,Student_2365,53,65
2366,Student_2366,68,66
2367,Student_2367,59,99
2368,Student_2368,56,73
2369,Student_2369,70,97
2370,Student_2370,65,81
2371,Student_2371,86,81
2372,Student_2372,85,84
2373,Student_2373,81,89
2374,Student_2374,94,68
2375,Student_2375,95,93
2376,Student_2376,86,72
2377,Student_2377,83,78
2378,Student_2378,67,64
2379,Student_2379,75,61
2380,Student_2380,55,52
2381,Student_2381,63,63
2382,Student_2382,80,63
2383,Student_2383,87,57
2384,Student_2384,65,78
2385,Student_2385,87,80
2386,Student_2386,76,90
2387,Student_2387,99,90
2388,Student_2388,58,52
2389,Student_2389,68,80
2390,Student_2390,64,51
2391,Student_2391,68,69
2392,Student_2392,86,64
2393,Student_2393,79,99
2394,Student_2394,51,54
2395,Student_2395,78,89
2396,Student_2396,52,88
2397,Student_2397,99,91
2398,Student_2398,89,76
2399,Student_2399,97,72
2400,Student_2400,62,75
2401,Student_2401,95,91
2402,Student_2402,94,76
2403,Student_2403,93,83
2404,Student_2404,95,84
2405,Student_2405,95,82
2406,Student_2406,64,55
2407,Student_2407,97,55
2408,Student_2408,85,54
2409,Student_2409,100,64
2410,Student_2410,50,65
2411,Student_2411,70,99
2412,Student_2412,61,93
2413,Student_2413,74,81
2414,Student_2414,75,95
2415,Student_2415,63,89
2416,Student_2416,75,70
2417,Student_2417,91,84
2418,Student_2418,68,70
2419,Student_2419,79,54
2420,Student_2420,99,92
2421,Student_2421,55,86
2422,Student_2422,92,75
2423,Student_2423,76,57
2424,Student_2424,63,73
2425,Student_2425,80,90
2426,Student_2426,72,66
2427,Student_2427,69,87
2428,Student_2428,67,94
2429,Student_2429,79,95
2430,Student_2430,71,61
2431,Student_2431,65,63
2432,Student_2432,82,85
2433,Student_2433,60,89
2434,Student_2434,57,78
2435,Student_2435,60,61
2436,Student_2436,71,92
2437,Student_2437,88,83
2438,Student_2438,81,90
2439,Student_2439,97,85
2440,Student_2440,53,64
2441,Student_2441,53,99
2442,Student_2442,73,60
2443,Student_2443,82,93
2444,Student_2444,87,52
2445,Student_2445,58,86
2446,Student_2446,89,95
2447,Student_2447,88,92
2448,Student_2448,77,68
2449,Student_2449,70,69
2450,Student_2450,90,56
2451,Student_2451,94,64
2452,Student_2452,84,76
2453,Student_2453,91,96
2454,Student_2454,57,90
2455,Student_2455,79,100
2456,Student_2456,93,93
2457,Student_2457,82,61
2458,Student_2458,83,62
2459,Student_2459,90,53
2460,Student_2460,66,84
2461,Student_2461,58,66
2462,Student_2462,81,63
2463,Student_2463,73,66
2464,Student_2464,59,67
2465,Student_2465,69,94
2466,Student_2466,74,65
2467,Student_2467,63,60
2468,Student_2468,51,87
2469,Student_2469,75,59
2470,Student_2470,98,71
2471,Student_2471,70,65
2472,Student_2472,99,58
2473,Student_2473,81,58
2474,Student_2474,100,64
2475,Student_2475,92,96
2476,Student_2476,52,76
2477,Student_2477,77,73
2478,Student_2478,65,67
2479,Student_2479,86,71
2480,Student_2480,82,87
2481,Student_2481,57,71
2482,Student_2482,62,82
2483,Student_2483,85,96
2484,Student_2484,84,52
2485,Student_2485,55,61
2486,Student_2486,73,80
2487,Student_2487,54,98
2488,Student_2488,96,72
2489,Student_2489,71,72
2490,Student_2490,81,93
2491,Student_2491,90,98
2492,Student_2492,66,56
2493,Student_2493,91,97
2494,Student_2494,50,73
2495,Student_2495,78,68
2496,Student_2496,92,58
2497,Student_2497,88,65
2498,Student_2498,66,100
2499,Student_2499,92,88
2500,Student_2500,50,91
2501,Student_2501,68,74
2502,Student_2502,59,97
2503,Student_2503,94,55
2504,Student_2504,61,54
2505,Student_2505,87,61
2506,Student_2506,80,84
2507,Student_2507,61,58
2508,Student_2508,88,57
2509,Student_2509,85,64
2510,Student_2510,78,66
2511,Student_2511,58,83
2512,Student_2512,89,83
2513,Student_2513,56,56
2514,Student_2514,65,57
2515,Student_2515,63,92
2516,Student_2516,82,65
2517,Student_2517,53,53
2518,Student_2518,75,96
2519,Student_2519,68,50
2520,Student_2520,60,82
2521,Student_2521,95,80
2522,Student_2522,70,95
2523,Student_2523,82,76
2524,Student_2524,88,59
2525,Student_2525,83,83
2526,Student_2526,62,79
2527,Student_2527,70,98
2528,Student_2528,70,52
2529,Student_2529,66,52
2530,Student_2530,64,57
2531,Student_2531,77,97
2532,Student_2532,55,62
2533,Student_2533,81,74
2534,Student_2534,53,86
2535,Student_2535,83,88
2536,Student_2536,55,91
2537,Student_2537,82,66
2538,Student_2538,100,59
2539,Student_2539,100,73
2540,Student_2540,82,87
2541,Student_2541,58,66
2542,Student_2542,80,100
2543,Student_2543,68,78
2544,Student_2544,61,67
2545,Student_2545,52,85
2546,Student_2546,61,60
2547,Student_2547,85,74
2548,Student_2548,67,55
2549,Student_2549,72,96
2550,Student_2550,52,92
2551,Student_2551,90,81
2552,Student_2552,59,88
2553,Student_2553,80,54
2554,Student_2554,58,72
2555,Student_2555,92,78
2556,Student_2556,83,60
2557,Student_2557,75,65
2558,Student_2558,93,51
2559,Student_2559,87,54
2560,Student_2560,87,84
2561,Student_2561,77,52
2562,Student_2562,99,78
2563,Student_2563,75,98
2564,Student_2564,79,65
2565,Student_2565,52,60
2566,Student_2566,67,89
2567,Student_2567,84,54
2568,Student_2568,93,76
2569,Student_2569,91,73
2570,Student_2570,58,54
2571,Student_2571,59,92
2572,Student_2572,97,91
2573,Student_2573,73,64
2574,Student_2574,52,73
2575,Student_2575,80,88
2576,Student_2576,69,64
2577,Student_2577,69,81
2578,Student_2578,72,95
2579,Student_2579,68,99
2580,Student_2580,53,99
2581,Student_2581,60,67
2582,Student_2582,53,66
2583,Student_2583,91,88
2584,Student_2584,60,56
2585,Student_2585,88,62
2586,Student_2586,63,78
2587,Student_2587,95,84
2588,Student_2588,67,57
2589,Student_2589,83,55
2590,Student_2590,86,81
2591,Student_2591,93,80
2592,Student_2592,79,83
2593,Student_2593,54,76
2594,Student_2594,90,93
2595,Student_2595,58,58
2596,Student_2596,77,63
2597,Student_2597,52,86
2598,Student_2598,54,84
2599,Student_2599,65,92
2600,Student_2600,98,97
2601,Student_2601,67,74
2602,Student_2602,94,52
2603,Student_2603,85,54
2604,Student_2604,84,56
2605,Student_2605,96,82
2606,Student_2606,98,80
2607,Student_2607,76,58
2608,Student_2608,56,55
2609,Student_2609,71,75
2610,Student_2610,61,78
2611,Student_2611,70,99
2612,Student_2612,65,97
2613,Student_2613,74,53
2614,Student_2614,68,76
2615,Student_2615,72,62
2616,Student_2616,88,83
2617,Student_2617,57,51
2618,Student_2618,90,54
2619,Student_2619,89,68
2620,Student_2620,100,87
2621,Student_2621,89,99
2622,Student_2622,80,84
2623,Student_2623,95,71
2624,Student_2624,53,83
2625,Student_2625,93,94
2626,Student_2626,95,60
2627,Student_2627,90,81
2628,Student_2628,51,50
2629,Student_2629,97,82
2630,Student_2630,87,58
2631,Student_2631,62,97
2632,Student_2632,66,59
2633,Student_2633,84,76
2634,Student_2634,79,85
2635,Student_2635,72,51
2636,Student_2636,69,54
2637,Student_2637,61,74
2638,Student_2638,74,84
2639,Student_2639,90,66
2640,Student_2640,89,95
2641,Student_2641,100,87
2642,Student_2642,91,100
2643,Student_2643,79,62
2644,Student_2644,90,57
2645,Student_2645,92,60
2646,Student_2646,98,79
2647,Student_2647,88,54
2648,Student_2648,87,67
2649,Student_2649,83,67
2650,Student_2650,54,77
2651,Student_2651,74,87
2652,Student_2652,71,59
2653,Student_2653,64,50
2654,Student_2654,97,79
2655,Student_2655,83,66
2656,Student_2656,92,78
2657,Student_2657,89,72
2658,Student_2658,95,69
2659,Student_2659,80,82
2660,Student_2660,95,97
2661,Student_2661,57,50
2662,Student_2662,79,91
2663,Student_2663,98,73
2664,Student_2664,59,80
2665,Student_2665,72,57
2666,Student_2666,98,95
2667,Student_2667,70,84
2668,Student_2668,53,99
2669,Student_2669,53,79
2670,Student_2670,68,95
2671,Student_2671,79,66
2672,Student_2672,74,66
2673,Student_2673,60,84
2674,Student_2674,91,77
2675,Student_2675,80,59
2676,Student_2676,91,52
2677,Student_2677,92,59
2678,Student_2678,81,79
2679,Student_2679,65,76
2680,Student_2680,82,55
2681,Student_2681,99,98
2682,Student_2682,79,99
2683,Student_2683,95,77
2684,Student_2684,83,96
2685,Student_2685,98,61
2686,Student_2686,82,54
2687,Student_2687,60,78
2688,Student_2688,55,72
2689,Student_2689,68,50
2690,Student_2690,52,82
2691,Student_2691,86,51
2692,Student_2692,64,93
2693,Student_2693,72,85
2694,Student_2694,79,73
2695,Student_2695,93,52
2696,Student_2696,56,64
2697,Student_2697,85,79
2698,Student_2698,72,69
2699,Student_2699,85,85
2700,Student_2700,53,86
2701,Student_2701,60,85
2702,Student_2702,77,70
2703,Student_2703,88,98
2704,Student_2704,67,88
2705,Student_2705,89,75
2706,Student_2706,65,53
2707,Student_2707,73,84
2708,Student_2708,69,71
2709,Student_2709,92,95
2710,Student_2710,77,66
2711,Student_2711,71,63
2712,Student_2712,66,82
2713,Student_2713,65,72
2714,Student_2714,86,86
2715,Student_2715,80,78
2716,Student_2716,86,67
2717,Student_2717,65,71
2718,Student_2718,50,67
2719,Student_2719,75,74
2720,Student_2720,86,60
2721,Student_2721,100,74
2722,Student_2722,87,89
2723,Student_2723,52,62
2724,Student_2724,76,65
2725,Student_2725,53,59
2726,Student_2726,99,92
2727,Student_2727,81,85
2728,Student_2728,56,59
2729,Student_2729,88,87
2730,Student_2730,58,71
2731,Student_2731,63,76
2732,Student_2732,72,93
2733,Student_2733,89,52
2734,Student_2734,84,82
2735,Student_2735,56,53
2736,Student_2736,78,83
2737,Student_2737,52,98
2738,Student_2738,96,50
2739,Student_2739,76,75
2740,Student_2740,68,69
2741,Student_2741,52,82
2742,Student_2742,89,96
2743,Student_2743,84,70
2744,Student_2744,93,91
2745,Student_2745,77,52
2746,Student_2746,92,64
2747,Student_2747,92,72
2748,Student_2748,52,90
2749,Student_2749,93,95
2750,Student_2750,70,77
2751,Student_2751,87,81
2752,Student_2752,86,66
2753,Student_2753,92,93
2754,Student_2754,94,88
2755,Student_2755,99,85
2756,Student_2756,65,89
2757,Student_2757,56,80
2758,Student_2758,86,54
2759,Student_2759,100,61
2760,Student_2760,83,64
2761,Student_2761,93,56
2762,Student_2762,55,61
2763,Student_2763,59,65
2764,Student_2764,80,94
2765,Student_2765,72,77
2766,Student_2766,72,71
2767,Student_2767,99,75
2768,Student_2768,67,70
2769,Student_2769,85,70
2770,Student_2770,61,65
2771,Student_2771,68,90
2772,Student_2772,73,89
2773,Student_2773,73,73
2774,Student_2774,95,94
2775,Student_2775,88,78
2776,Student_2776,84,72
2777,Student_2777,88,99
2778,Student_2778,100,78
2779,Student_2779,80,82
2780,Student_2780,75,75
2781,Student_2781,58,78
2782,Student_2782,74,97
2783,Student_2783,52,92
2784,Student_2784,86,65
2785,Student_2785,52,55
2786,Student_2786,53,86
2787,Student_2787,70,52
2788,Student_2788,64,50
2789,Student_2789,94,88
2790,Student_2790,94,96
2791,Student_2791,74,58
2792,Student_2792,100,55
2793,Student_2793,73,92
2794,Student_2794,77,50
2795,Student_2795,50,64
2796,Student_2796,100,69
2797,Student_2797,100,70
2798,Student_2798,91,59
2799,Student_2799,85,85
2800,Student_2800,79,66
2801,Student_2801,97,71
2802,Student_2802,69,74
2803,Student_2803,99,50
2804,Student_2804,88,79
2805,Student_2805,81,84
2806,Student_2806,55,61
2807,Student_2807,69,59
2808,Student_2808,57,90
2809,Student_2809,89,53
2810,Student_2810,74,60
2811,Student_2811,86,90
2812,Student_2812,89,53
2813,Student_2813,70,77
2814,Student_2814,94,59
2815,Student_2815,66,98
2816,Student_2816,62,98
2817,Student_2817,65,54
2818,Student_2818,79,71
2819,Student_2819,57,99
2820,Student_2820,83,90
2821,Student_2821,83,98
2822,Student_2822,51,94
2823,Student_2823,74,81
2824,Student_2824,89,74
2825,Student_2825,82,81
2826,Student_2826,91,82
2827,Student_2827,62,100
2828,Student_2828,52,56
2829,Student_2829,50,81
2830,Student_2830,73,81
2831,Student_2831,64,88
2832,Student_2832,64,88
2833,Student_2833,70,89
2834,Student_2834,59,92
2835,Student_2835,68,74
2836,Student_2836,75,66
2837,Student_2837,75,56
2838,Student_2838,97,72
2839,Student_2839,62,98
2840,Student_2840,98,53
2841,Student_2841,62,56
2842,Student_2842,69,91
2843,Student_2843,83,94
2844,Student_2844,85,63
2845,Student_2845,100,53
2846,Student_2846,62,73
2847,Student_2847,62,95
2848,Student_2848,51,51
2849,Student_2849,55,80
2850,Student_2850,84,86
2851,Student_2851,54,60
2852,Student_2852,65,74
2853,Student_2853,70,77
2854,Student_2854,59,96
2855,Student_2855,70,73
2856,Student_2856,57,63
2857,Student_2857,61,63
2858,Student_2858,99,56
2859,Student_2859,50,78
2860,Student_2860,69,87
2861,Student_2861,62,74
2862,Student_2862,89,53
2863,Student_2863,60,65
2864,Student_2864,68,92
2865,Student_2865,98,50
2866,Student_2866,89,60
2867,Student_2867,68,80
2868,Student_2868,86,72
2869,Student_2869,82,56
2870,Student_2870,57,54
2871,Student_2871,92,51
2872,Student_2872,72,58
2873,Student_2873,89,88
2874,Student_2874,56,97
2875,Student_2875,65,80
2876,Student_2876,90,71
2877,Student_2877,79,61
2878,Student_2878,60,88
2879,Student_2879,84,75
2880,Student_2880,99,96
2881,Student_2881,67,89
2882,Student_2882,52,55
2883,Student_2883,61,87
2884,Student_2884,61,74
2885,Student_2885,53,68
2886,Student_2886,55,88
2887,Student_2887,93,75
2888,Student_2888,70,84
2889,Student_2889,52,83
2890,Student_2890,56,61
2891,Student_2891,96,69
2892,Student_2892,95,63
2893,Student_2893,81,74
2894,Student_2894,60,89
2895,Student_2895,92,51
2896,Student_2896,74,93
2897,Student_2897,55,93
2898,Student_2898,89,64
2899,Student_2899,83,86
2900,Student_2900,78,55
2901,Student_2901,64,67
2902,Student_2902,76,93
2903,Student_2903,84,100
2904,Student_2904,83,66
2905,Student_2905,52,95
2906,Student_2906,78,50
2907,Student_2907,56,64
2908,Student_2908,82,72
2909,Student_2909,78,89
2910,Student_2910,88,98
2911,Student_2911,54,62
2912,Student_2912,56,84
2913,Student_2913,82,58
2914,Student_2914,85,75
2915,Student_2915,84,55
2916,Student_2916,64,54
2917,Student_2917,66,75
2918,Student_2918,54,90
2919,Student_2919,62,62
2920,Student_2920,69,66
2921,Student_2921,52,51
2922,Student_2922,52,97
2923,Student_2923,88,56
2924,Student_2924,84,81
2925,Student_2925,73,89
2926,Student_2926,85,86
2927,Student_2927,74,52
2928,Student_2928,91,77
2929,Student_2929,57,58
2930,Student_2930,66,63
2931,Student_2931,65,55
2932,Student_2932,76,77
2933,Student_2933,84,61
2934,Student_2934,63,95
2935,Student_2935,98,87
2936,Student_2936,91,88
2937,Student_2937,76,52
2938,Student_2938,86,92
2939,Student_2939,97,54
2940,Student_2940,99,93
2941,Student_2941,55,84
2942,Student_2942,54,59
2943,Student_2943,86,88
2944,Student_2944,92,85
2945,Student_2945,53,81
2946,Student_2946,66,61
2947,Student_2947,67,91
2948,Student_2948,93,55
2949,Student_2949,58,52
2950,Student_2950,81,51
2951,Student_2951,72,98
2952,Student_2952,68,74
2953,Student_2953,68,53
2954,Student_2954,71,96
2955,Student_2955,67,70
2956,Student_2956,95,73
2957,Student_2957,76,73
2958,Student_2958,71,84
2959,Student_2959,65,94
2960,Student_2960,69,83
2961,Student_2961,51,65
2962,Student_2962,50,63
2963,Student_2963,80,99
2964,Student_2964,91,78
2965,Student_2965,89,51
2966,Student_2966,71,81
2967,Student_2967,79,73
2968,Student_2968,73,96
2969,Student_2969,55,90
2970,Student_2970,96,73
2971,Student_2971,54,66
2972,Student_2972,91,70
2973,Student_2973,75,66
2974,Student_2974,96,96
2975,Student_2975,54,82
2976,Student_2976,77,88
2977,Student_2977,88,63
2978,Student_2978,81,63
2979,Student_2979,90,58
2980,Student_2980,81,76
2981,Student_2981,50,64
2982,Student_2982,72,94
2983,Student_2983,70,85
2984,Student_2984,75,59
2985,Student_2985,91,66
2986,Student_2986,65,56
2987,Student_2987,96,77
2988,Student_2988,51,85
2989,Student_2989,81,61
2990,Student_2990,87,75
2991,Student_2991,82,76
2992,Student_2992,92,61
2993,Student_2993,99,73
2994,Student_2994,60,99
2995,Student_2995,69,63
2996,Student_2996,50,53
2997,Student_2997,64,72
2998,Student_2998,94,96
2999,Student_2999,57,67
3000,Student_3000,79,75
3001,Student_3001,85,91
3002,Student_3002,83,51
3003,Student_3003,83,72
3004,Student_3004,61,82
3005,Student_3005,63,59
3006,Student_3006,54,96
3007,Student_3007,71,95
3008,Student_3008,67,97
3009,Student_3009,67,71
3010,Student_3010,100,97
3011,Student_3011,100,84
3012,Student_3012,59,60
3013,Student_3013,80,67
3014,Student_3014,83,70
3015,Student_3015,69,98
3016,Student_3016,53,89
3017,Student_3017,54,67
3018,Student_3018,95,85
3019,Student_3019,90,69
3020,Student_3020,52,69
3021,Student_3021,62,86
3022,Student_3022,72,65
3023,Student_3023,69,73
3024,Student_3024,79,95
3025,Student_3025,63,85
3026,Student_3026,50,83
3027,Student_3027,83,63
3028,Student_3028,63,98
3029,Student_3029,53,72
3030,Student_3030,72,68
3031,Student_3031,85,67
3032,Student_3032,58,91
3033,Student_3033,79,78
3034,Student_3034,93,96
3035,Student_3035,57,63
3036,Student_3036,74,88
3037,Student_3037,86,72
3038,Student_3038,85,57
3039,Student_3039,84,65
3040,Student_3040,67,73
3041,Student_3041,99,66
3042,Student_3042,74,91
3043,Student_3043,89,60
3044,Student_3044,95,52
3045,Student_3045,81,67
3046,Student_3046,81,89
3047,Student_3047,91,95
3048,Student_3048,74,78
3049,Student_3049,59,61
3050,Student_3050,63,81
3051,Student_3051,51,72
3052,Student_3052,74,67
3053,Student_3053,55,77
3054,Student_3054,73,100
3055,Student_3055,96,97
3056,Student_3056,65,54
3057,Student_3057,69,50
3058,Student_3058,92,71
3059,Student_3059,50,61
3060,Student_3060,93,81
3061,Student_3061,76,71
3062,Student_3062,79,98
3063,Student_3063,91,81
3064,Student_3064,61,86
3065,Student_3065,67,55
3066,Student_3066,88,96
3067,Student_3067,68,68
3068,Student_3068,68,62
3069,Student_3069,61,77
3070,Student_3070,92,63
3071,Student_3071,68,100
3072,Student_3072,77,56
3073,Student_3073,57,94
3074,Student_3074,84,100
3075,Student_3075,98,55
3076,Student_3076,99,60
3077,Student_3077,67,50
3078,Student_3078,68,94
3079,Student_3079,56,86
3080,Student_3080,80,80
3081,Student_3081,75,67
3082,Student_3082,72,77
3083,Student_3083,74,90
3084,Student_3084,61,57
3085,Student_3085,53,59
3086,Student_3086,54,86
3087,Student_3087,87,99
3088,Student_3088,77,68
3089,Student_3089,61,93
3090,Student_3090,70,82
3091,Student_3091,77,99
3092,Student_3092,97,89
3093,Student_3093,97,50
3094,Student_3094,74,88
3095,Student_3095,86,91
3096,Student_3096,83,59
3097,Student_3097,89,67
3098,Student_3098,55,94
3099,Student_3099,96,77
3100,Student_3100,86,74
3101,Student_3101,93,76
3102,Student_3102,68,58
3103,Student_3103,96,99
3104,Student_3104,80,59
3105,Student_3105,62,57
3106,Student_3106,68,67
3107,Student_3107,59,63
3108,Student_3108,54,84
3109,Student_3109,81,68
3110,Student_3110,97,62
3111,Student_3111,86,66
3112,Student_3112,57,92
3113,Student_3113,90,85
3114,Student_3114,58,79
3115,Student_3115,91,58
3116,Student_3116,57,92
3117,Student_3117,67,69
3118,Student_3118,68,88
3119,Student_3119,71,98
3120,Student_3120,80,73
3121,Student_3121,79,69
3122,Student_3122,95,92
3123,Student_3123,68,51
3124,Student_3124,51,55
3125,Student_3125,72,99
3126,Student_3126,66,66
3127,Student_3127,68,79
3128,Student_3128,57,71
3129,Student_3129,79,97
3130,Student_3130,54,80
3131,Student_3131,50,59
3132,Student_3132,79,80
3133,Student_3133,95,63
3134,Student_3134,89,54
3135,Student_3135,58,100
3136,Student_3136,94,93
3137,Student_3137,98,80
3138,Student_3138,82,51
3139,Student_3139,53,73
3140,Student_3140,70,56
3141,Student_3141,79,67
3142,Student_3142,62,86
3143,Student_3143,86,51
3144,Student_3144,67,93
3145,Student_3145,73,100
3146,Student_3146,81,51
3147,Student_3147,73,70
3148,Student_3148,83,60
3149,Student_3149,76,76
3150,Student_3150,74,60
3151,Student_3151,57,92
3152,Student_3152,76,51
3153,Student_3153,88,93
3154,Student_3154,77,83
3155,Student_3155,52,70
3156,Student_3156,84,61
3157,Student_3157,72,62
3158,Student_3158,96,67
3159,Student_3159,87,90
3160,Student_3160,90,55
3161,Student_3161,55,88
3162,Student_3162,66,60
3163,Student_3163,66,66
3164,Student_3164,65,89
3165,Student_3165,78,99
3166,Student_3166,79,73
3167,Student_3167,54,89
3168,Student_3168,66,68
3169,Student_3169,99,50
3170,Student_3170,80,90
3171,Student_3171,94,78
3172,Student_3172,85,89
3173,Student_3173,89,72
3174,Student_3174,77,66
3175,Student_3175,54,58
3176,Student_3176,61,93
3177,Student_3177,82,58
3178,Student_3178,72,75
3179,Student_3179,67,93
3180,Student_3180,85,96
3181,Student_3181,65,99
3182,Student_3182,58,100
3183,Student_3183,92,93
3184,Student_3184,79,61
3185,Student_3185,70,91
3186,Student_3186,67,78
3187,Student_3187,99,65
3188,Student_3188,80,99
3189,Student_3189,89,71
3190,Student_3190,65,96
3191,Student_3191,73,52
3192,Student_3192,57,72
3193,Student_3193,60,95
3194,Student_3194,84,85
3195,Student_3195,91,73
3196,Student_3196,78,53
3197,Student_3197,86,65
3198,Student_3198,81,79
3199,Student_3199,70,64
3200,Student_3200,69,62
3201,Student_3201,94,95
3202,Student_3202,55,65
3203,Student_3203,76,57
3204,Student_3204,63,67
3205,Student_3205,85,68
3206,Student_3206,97,93
3207,Student_3207,55,58
3208,Student_3208,76,55
3209,Student_3209,52,51
3210,Student_3210,70,88
3211,Student_3211,69,68
3212,Student_3212,92,91
3213,Student_3213,56,89
3214,Student_3214,100,91
3215,Student_3215,83,63
3216,Student_3216,64,75
3217,Student_3217,56,78
3218,Student_3218,96,76
3219,Student_3219,66,57
3220,Student_3220,56,81
3221,Student_3221,83,74
3222,Student_3222,50,90
3223,Student_3223,88,75
3224,Student_3224,89,65
3225,Student_3225,77,73
3226,Student_3226,96,64
3227,Student_3227,80,98
3228,Student_3228,72,93
3229,Student_3229,94,84
3230,Student_3230,71,78
3231,Student_3231,65,98
3232,Student_3232,99,68
3233,Student_3233,66,79
3234,Student_3234,60,68
3235,Student_3235,91,81
3236,Student_3236,68,97
3237,Student_3237,74,56
3238,Student_3238,98,80
3239,Student_3239,93,75
3240,Student_3240,100,99
3241,Student_3241,84,82
3242,Student_3242,54,99
3243,Student_3243,66,100
3244,Student_3244,85,100
3245,Student_3245,56,67
3246,Student_3246,70,68
3247,Student_3247,56,51
3248,Student_3248,63,68
3249,Student_3249,60,93
3250,Student_3250,81,63
3251,Student_3251,61,52
3252,Student_3252,66,76
3253,Student_3253,50,73
3254,Student_3254,97,75
3255,Student_3255,69,77
3256,Student_3256,91,67
3257,Student_3257,69,50
3258,Student_3258,78,68
3259,Student_3259,99,76
3260,Student_3260,81,52
3261,Student_3261,82,95
3262,Student_3262,54,53
3263,Student_3263,83,77
3264,Student_3264,99,87
3265,Student_3265,95,65
3266,Student_3266,53,71
3267,Student_3267,98,55
3268,Student_3268,66,51
3269,Student_3269,95,95
3270,Student_3270,65,80
3271,Student_3271,66,58
3272,Student_3272,75,61
3273,Student_3273,86,88
3274,Student_3274,95,75
3275,Student_3275,66,67
3276,Student_3276,62,58
3277,Student_3277,71,73
3278,Student_3278,61,89
3279,Student_3279,56,69
3280,Student_3280,72,87
3281,Student_3281,72,94
3282,Student_3282,72,86
3283,Student_3283,97,58
3284,Student_3284,86,78
3285,Student_3285,80,96
3286,Student_3286,79,81
3287,Student_3287,77,83
3288,Student_3288,62,60
3289,Student_3289,66,92
3290,Student_3290,50,90
3291,Student_3291,72,66
3292,Student_3292,66,62
3293,Student_3293,58,92
3294,Student_3294,81,55
3295,Student_3295,79,50
3296,Student_3296,73,78
3297,Student_3297,62,57
3298,Student_3298,73,65
3299,Student_3299,58,64
3300,Student_3300,73,76
3301,Student_3301,87,86
3302,Student_3302,75,83
3303,Student_3303,93,86
3304,Student_3304,69,82
3305,Student_3305,60,75
3306,Student_3306,98,72
3307,Student_3307,80,80
3308,Student_3308,97,90
3309,Student_3309,73,85
3310,Student_3310,76,90
3311,Student_3311,84,86
3312,Student_3312,98,62
3313,Student_3313,100,89
3314,Student_3314,81,82
3315,Student_3315,97,56
3316,Student_3316,56,73
3317,Student_3317,81,66
3318,Student_3318,100,89
3319,Student_3319,88,89
3320,Student_3320,89,65
3321,Student_3321,76,91
3322,Student_3322,100,98
3323,Student_3323,88,73
3324,Student_3324,64,88
3325,Student_3325,83,69
3326,Student_3326,82,66
3327,Student_3327,72,96
3328,Student_3328,92,62
3329,Student_3329,64,57
3330,Student_3330,98,58
3331,Student_3331,90,82
3332,Student_3332,87,63
3333,Student_3333,84,56
3334,Student_3334,96,94
3335,Student_3335,61,78
3336,Student_3336,96,88
3337,Student_3337,61,50
3338,Student_3338,74,90
3339,Student_3339,96,90
3340,Student_3340,71,63
3341,Student_3341,68,57
3342,Student_3342,58,64
3343,Student_3343,100,91
3344,Student_3344,70,57
3345,Student_3345,88,77
3346,Student_3346,83,51
3347,Student_3347,81,64
3348,Student_3348,65,76
3349,Student_3349,93,83
3350,Student_3350,56,69
3351,Student_3351,91,66
3352,Student_3352,77,67
3353,Student_3353,99,67
3354,Student_3354,74,64
3355,Student_3355,79,58
3356,Student_3356,68,57
3357,Student_3357,94,85
3358,Student_3358,77,56
3359,Student_3359,77,53
3360,Student_3360,95,65
3361,Student_3361,73,85
3362,Student_3362,94,85
3363,Student_3363,53,62
3364,Student_3364,81,93
3365,Student_3365,51,83
3366,Student_3366,92,92
3367,Student_3367,50,88
3368,Student_3368,89,64
3369,Student_3369,75,92
3370,Student_3370,68,82
3371,Student_3371,65,68
3372,Student_3372,66,74
3373,Student_3373,93,87
3374,Student_3374,73,67
3375,Student_3375,93,55
3376,Student_3376,99,82
3377,Student_3377,69,73
3378,Student_3378,98,88
3379,Student_3379,58,84
3380,Student_3380,84,58
3381,Student_3381,67,79
3382,Student_3382,58,56
3383,Student_3383,82,87
3384,Student_3384,76,82
3385,Student_3385,91,75
3386,Student_3386,87,73
3387,Student_3387,83,92
3388,Student_3388,60,94
3389,Student_3389,91,75
3390,Student_3390,66,94
3391,Student_3391,73,77
3392,Student_3392,100,63
3393,Student_3393,98,56
3394,Student_3394,55,80
3395,Student_3395,75,84
3396,Student_3396,69,80
3397,Student_3397,64,86
3398,Student_3398,88,100
3399,Student_3399,77,64
3400,Student_3400,100,56
3401,Student_3401,80,66
3402,Student_3402,65,78
3403,Student_3403,74,60
3404,Student_3404,80,93
3405,Student_3405,94,73
3406,Student_3406,74,59
3407,Student_3407,89,95
3408,Student_3408,90,73
3409,Student_3409,63,93
3410,Student_3410,73,87
3411,Student_3411,87,99
3412,Student_3412,51,99
3413,Student_3413,86,82
3414,Student_3414,64,73
3415,Student_3415,62,82
3416,Student_3416,59,82
3417,Student_3417,57,84
3418,Student_3418,74,91
3419,Student_3419,66,55
3420,Student_3420,81,66
3421,Student_3421,57,93
3422,Student_3422,79,72
3423,Student_3423,51,63
3424,Student_3424,97,62
3425,Student_3425,88,78
3426,Student_3426,89,81
3427,Student_3427,56,74
3428,Student_3428,84,68
3429,Student_3429,80,95
3430,Student_3430,84,90
3431,Student_3431,90,68
3432,Student_3432,61,89
3433,Student_3433,50,80
3434,Student_3434,71,97
3435,Student_3435,53,75
3436,Student_3436,53,77
3437,Student_3437,71,75
3438,Student_3438,88,77
3439,Student_3439,59,86
3440,Student_3440,73,91
3441,Student_3441,76,83
3442,Student_3442,64,51
3443,Student_3443,51,62
3444,Student_3444,94,80
3445,Student_3445,97,70
3446,Student_3446,62,93
3447,Student_3447,66,96
3448,Student_3448,58,95
3449,Student_3449,98,57
3450,Student_3450,65,57
3451,Student_3451,98,54
3452,Student_3452,52,58
3453,Student_3453,66,60
3454,Student_3454,85,50
3455,Student_3455,82,61
3456,Student_3456,94,90
3457,Student_3457,73,50
3458,Student_3458,53,90
3459,Student_3459,85,73
3460,Student_3460,68,64
3461,Student_3461,67,52
3462,Student_3462,100,81
3463,Student_3463,66,97
3464,Student_3464,83,97
3465,Student_3465,69,78
3466,Student_3466,76,95
3467,Student_3467,90,52
3468,Student_3468,92,83
3469,Student_3469,69,78
3470,Student_3470,53,99
3471,Student_3471,59,84
3472,Student_3472,79,95
3473,Student_3473,59,92
3474,Student_3474,91,55
3475,Student_3475,73,85
3476,Student_3476,62,96
3477,Student_3477,78,97
3478,Student_3478,77,57
3479,Student_3479,100,73
3480,Student_3480,57,99
3481,Student_3481,58,99
3482,Student_3482,92,59
3483,Student_3483,54,95
3484,Student_3484,83,56
3485,Student_3485,63,94
3486,Student_3486,99,60
3487,Student_3487,66,92
3488,Student_3488,72,57
3489,Student_3489,100,87
3490,Student_3490,87,81
3491,Student_3491,98,67
3492,Student_3492,85,76
3493,Student_3493,66,55
3494,Student_3494,64,83
3495,Student_3495,58,91
3496,Student_3496,72,53
3497,Student_3497,77,96
3498,Student_3498,76,88
3499,Student_3499,86,83
3500,Student_3500,75,63
3501,Student_3501,65,97
3502,Student_3502,53,86
3503,Student_3503,85,57
3504,Student_3504,54,92
3505,Student_3505,62,55
3506,Student_3506,76,66
3507,Student_3507,77,68
3508,Student_3508,91,67
3509,Student_3509,71,94
3510,Student_3510,51,63
3511,Student_3511,75,87
3512,Student_3512,93,86
3513,Student_3513,96,97
3514,Student_3514,92,75
3515,Student_3515,79,80
3516,Student_3516,69,52
3517,Student_3517,75,70
3518,Student_3518,70,64
3519,Student_3519,97,96
3520,Student_3520,78,70
3521,Student_3521,57,68
3522,Student_3522,66,72
3523,Student_3523,50,81
3524,Student_3524,82,96
3525,Student_3525,88,86
3526,Student_3526,59,98
3527,Student_3527,73,59
3528,Student_3528,72,51
3529,Student_3529,95,66
3530,Student_3530,87,62
3531,Student_3531,50,61
3532,Student_3532,80,72
3533,Student_3533,97,82
3534,Student_3534,64,90
3535,Student_3535,50,87
3536,Student_3536,82,100
3537,Student_3537,86,65
3538,Student_3538,62,95
3539,Student_3539,91,56
3540,Student_3540,87,97
3541,Student_3541,91,94
3542,Student_3542,81,59
3543,Student_3543,77,62
3544,Student_3544,89,87
3545,Student_3545,67,99
3546,Student_3546,89,52
3547,Student_3547,74,98
3548,Student_3548,83,51
3549,Student_3549,69,66
3550,Student_3550,93,78
3551,Student_3551,77,61
3552,Student_3552,63,75
3553,Student_3553,100,69
3554,Student_3554,83,56
3555,Student_3555,61,77
3556,Student_3556,98,91
3557,Student_3557,61,60
3558,Student_3558,51,96
3559,Student_3559,64,100
3560,Student_3560,54,90
3561,Student_3561,77,59
3562,Student_3562,51,76
3563,Student_3563,97,88
3564,Student_3564,70,66
3565,Student_3565,63,87
3566,Student_3566,75,82
3567,Student_3567,85,55
3568,Student_3568,89,52
3569,Student_3569,72,100
3570,Student_3570,58,51
3571,Student_3571,68,92
3572,Student_3572,63,61
3573,Student_3573,94,53
3574,Student_3574,79,60
3575,Student_3575,80,88
3576,Student_3576,88,76
3577,Student_3577,64,55
3578,Student_3578,51,89
3579,Student_3579,59,88
3580,Student_3580,76,59
3581,Student_3581,58,60
3582,Student_3582,98,88
3583,Student_3583,87,85
3584,Student_3584,94,56
3585,Student_3585,90,62
3586,Student_3586,99,83
3587,Student_3587,67,87
3588,Student_3588,71,92
3589,Student_3589,81,75
3590,Student_3590,53,85
3591,Student_3591,100,77
3592,Student_3592,68,95
3593,Student_3593,71,77
3594,Student_3594,55,77
3595,Student_3595,98,74
3596,Student_3596,92,78
3597,Student_3597,96,68
3598,Student_3598,85,61
3599,Student_3599,84,60
3600,Student_3600,76,83
3601,Student_3601,100,93
3602,Student_3602,64,50
3603,Student_3603,67,96
3604,Student_3604,52,100
3605,Student_3605,95,82
3606,Student_3606,59,64
3607,Student_3607,51,54
3608,Student_3608,52,99
3609,Student_3609,55,63
3610,Student_3610,59,99
3611,Student_3611,61,75
3612,Student_3612,85,85
3613,Student_3613,93,74
3614,Student_3614,88,60
3615,Student_3615,97,62
3616,Student_3616,99,98
3617,Student_3617,93,77
3618,Student_3618,50,67
3619,Student_3619,69,96
3620,Student_3620,100,91
3621,Student_3621,57,67
3622,Student_3622,75,50
3623,Student_3623,90,95
3624,Student_3624,92,51
3625,Student_3625,72,80
3626,Student_3626,79,53
3627,Student_3627,85,61
3628,Student_3628,58,62
3629,Student_3629,94,61
3630,Student_3630,79,56
3631,Student_3631,91,53
3632,Student_3632,59,88
3633,Student_3633,89,76
3634,Student_3634,97,50
3635,Student_3635,53,86
3636,Student_3636,77,62
3637,Student_3637,92,55
3638,Student_3638,72,59
3639,Student_3639,82,64
3640,Student_3640,73,77
3641,Student_3641,69,77
3642,Student_3642,100,90
3643,Student_3643,92,68
3644,Student_3644,68,75
3645,Student_3645,95,66
3646,Student_3646,76,100
3647,Student_3647,80,80
3648,Student_3648,52,85
3649,Student_3649,79,93
3650,Student_3650,100,67
3651,Student_3651,70,75
3652,Student_3652,82,72
3653,Student_3653,76,74
3654,Student_3654,77,71
3655,Student_3655,73,93
3656,Student_3656,72,67
3657,Student_3657,56,55
3658,Student_3658,52,92
3659,Student_3659,56,79
3660,Student_3660,82,100
3661,Student_3661,53,85
3662,Student_3662,89,94
3663,Student_3663,96,84
3664,Student_3664,81,60
3665,Student_3665,59,59
3666,Student_3666,74,56
3667,Student_3667,56,69
3668,Student_3668,86,85
3669,Student_3669,63,99
3670,Student_3670,71,61
3671,Student_3671,79,61
3672,Student_3672,55,72
3673,Student_3673,57,64
3674,Student_3674,79,94
3675,Student_3675,59,64
3676,Student_3676,51,85
3677,Student_3677,50,73
3678,Student_3678,89,98
3679,Student_3679,80,89
3680,Student_3680,61,63
3681,Student_3681,52,72
3682,Student_3682,94,85
3683,Student_3683,100,82
3684,Student_3684,67,77
3685,Student_3685,83,58
3686,Student_3686,72,67
3687,Student_3687,81,100
3688,Student_3688,69,81
3689,Student_3689,60,98
3690,Student_3690,77,51
3691,Student_3691,76,62
3692,Student_3692,94,50
3693,Student_3693,78,77
3694,Student_3694,91,89
3695,Student_3695,75,98
3696,Student_3696,54,55
3697,Student_3697,97,93
3698,Student_3698,70,55
3699,Student_3699,67,52
3700,Student_3700,73,52
3701,Student_3701,79,60
3702,Student_3702,96,64
3703,Student_3703,58,57
3704,Student_3704,100,93
3705,Student_3705,70,78
3706,Student_3706,78,50
3707,Student_3707,92,97
3708,Student_3708,65,54
3709,Student_3709,100,61
3710,Student_3710,74,82
3711,Student_3711,70,71
3712,Student_3712,75,97
3713,Student_3713,73,92
3714,Student_3714,62,98
3715,Student_3715,62,67
3716,Student_3716,91,80
3717,Student_3717,73,72
3718,Student_3718,55,91
3719,Student_3719,55,54
3720,Student_3720,85,96
3721,Student_3721,54,94
3722,Student_3722,82,50
3723,Student_3723,71,75
3724,Student_3724,60,99
3725,Student_3725,60,64
3726,Student_3726,50,87
3727,Student_3727,74,64
3728,Student_3728,74,79
3729,Student_3729,99,98
3730,Student_3730,85,97
3731,Student_3731,73,98
3732,Student_3732,73,52
3733,Student_3733,98,99
3734,Student_3734,63,56
3735,Student_3735,91,87
3736,Student_3736,75,62
3737,Student_3737,89,61
3738,Student_3738,70,97
3739,Student_3739,83,87
3740,Student_3740,88,99
3741,Student_3741,91,68
3742,Student_3742,60,92
3743,Student_3743,89,55
3744,Student_3744,85,80
3745,Student_3745,51,81
3746,Student_3746,93,61
3747,Student_3747,67,72
3748,Student_3748,94,66
3749,Student_3749,86,72
3750,Student_3750,55,75
3751,Student_3751,63,91
3752,Student_3752,87,89
3753,Student_3753,76,66
3754,Student_3754,55,54
3755,Student_3755,85,81
3756,Student_3756,68,97
3757,Student_3757,80,78
3758,Student_3758,63,75
3759,Student_3759,84,64
3760,Student_3760,57,99
3761,Student_3761,99,94
3762,Student_3762,87,57
3763,Student_3763,87,66
3764,Student_3764,100,62
3765,Student_3765,88,62
3766,Student_3766,58,98
3767,Student_3767,62,72
3768,Student_3768,92,56
3769,Student_3769,86,75
3770,Student_3770,59,75
3771,Student_3771,69,63
3772,Student_3772,96,70
3773,Student_3773,51,72
3774,Student_3774,61,78
3775,Student_3775,64,91
3776,Student_3776,100,64
3777,Student_3777,97,88
3778,Student_3778,58,99
3779,Student_3779,89,85
3780,Student_3780,56,55
3781,Student_3781,66,92
3782,Student_3782,99,71
3783,Student_3783,60,54
3784,Student_3784,74,75
3785,Student_3785,69,98
3786,Student_3786,74,86
3787,Student_3787,63,58
3788,Student_3788,90,57
3789,Student_3789,86,85
3790,Student_3790,76,99
3791,Student_3791,88,55
3792,Student_3792,72,96
3793,Student_3793,85,63
3794,Student_3794,99,91
3795,Student_3795,89,75
3796,Student_3796,84,69
3797,Student_3797,80,60
3798,Student_3798,57,91
3799,Student_3799,76,77
3800,Student_3800,60,94
3801,Student_3801,69,94
3802,Student_3802,84,68
3803,Student_3803,65,82
3804,Student_3804,83,61
3805,Student_3805,83,92
3806,Student_3806,78,73
3807,Student_3807,95,82
3808,Student_3808,89,99
3809,Student_3809,92,70
3810,Student_3810,95,63
3811,Student_3811,59,51
3812,Student_3812,74,56
3813,Student_3813,68,79
3814,Student_3814,60,98
3815,Student_3815,78,69
3816,Student_3816,92,77
3817,Student_3817,63,56
3818,Student_3818,72,77
3819,Student_3819,92,98
3820,Student_3820,93,99
3821,Student_3821,55,89
3822,Student_3822,63,68
3823,Student_3823,55,77
3824,Student_3824,55,72
3825,Student_3825,82,79
3826,Student_3826,67,90
3827,Student_3827,82,99
3828,Student_3828,90,81
3829,Student_3829,54,80
3830,Student_3830,59,98
3831,Student_3831,84,62
3832,Student_3832,59,76
3833,Student_3833,76,83
3834,Student_3834,94,65
3835,Student_3835,83,86
3836,Student_3836,67,74
3837,Student_3837,97,89
3838,Student_3838,69,64
3839,Student_3839,53,52
3840,Student_3840,53,98
3841,Student_3841,57,71
3842,Student_3842,69,61
3843,Student_3843,98,61
3844,Student_3844,67,54
3845,Student_3845,50,90
3846,Student_3846,97,78
3847,Student_3847,86,62
3848,Student_3848,78,50
3849,Student_3849,82,91
3850,Student_3850,57,69
3851,Student_3851,79,51
3852,Student_3852,93,99
3853,Student_3853,78,92
3854,Student_3854,83,64
3855,Student_3855,62,94
3856,Student_3856,65,63
3857,Student_3857,79,76
3858,Student_3858,66,56
3859,Student_3859,70,58
3860,Student_3860,72,66
3861,Student_3861,60,69
3862,Student_3862,91,55
3863,Student_3863,93,69
3864,Student_3864,84,75
3865,Student_3865,68,76
3866,Student_3866,55,61
3867,Student_3867,51,75
3868,Student_3868,66,99
3869,Student_3869,74,69
3870,Student_3870,90,88
3871,Student_3871,55,81
3872,Student_3872,65,82
3873,Student_3873,56,55
3874,Student_3874,74,53
3875,Student_3875,52,80
3876,Student_3876,95,57
3877,Student_3877,82,93
3878,Student_3878,78,82
3879,Student_3879,65,78
3880,Student_3880,53,100
3881,Student_3881,60,74
3882,Student_3882,76,75
3883,Student_3883,90,76
3884,Student_3884,82,52
3885,Student_3885,69,52
3886,Student_3886,81,97
3887,Student_3887,56,61
3888,Student_3888,56,91
3889,Student_3889,60,67
3890,Student_3890,51,62
3891,Student_3891,77,95
3892,Student_3892,67,100
3893,Student_3893,68,87
3894,Student_3894,74,97
3895,Student_3895,94,56
3896,Student_3896,92,53
3897,Student_3897,90,84
3898,Student_3898,68,56
3899,Student_3899,83,55
3900,Student_3900,74,83
3901,Student_3901,98,90
3902,Student_3902,73,98
3903,Student_3903,94,90
3904,Student_3904,57,97
3905,Student_3905,65,73
3906,Student_3906,85,65
3907,Student_3907,76,64
3908,Student_3908,82,55
3909,Student_3909,90,86
3910,Student_3910,80,74
3911,Student_3911,73,98
3912,Student_3912,91,54
3913,Student_3913,69,70
3914,Student_3914,76,72
3915,Student_3915,98,91
3916,Student_3916,61,54
3917,Student_3917,91,79
3918,Student_3918,70,87
3919,Student_3919,56,61
3920,Student_3920,76,70
3921,Student_3921,58,98
3922,Student_3922,61,92
3923,Student_3923,79,85
3924,Student_3924,65,83
3925,Student_3925,90,56
3926,Student_3926,91,96
3927,Student_3927,94,74
3928,Student_3928,63,73
3929,Student_3929,63,95
3930,Student_3930,76,51
3931,Student_3931,99,73
3932,Student_3932,63,55
3933,Student_3933,54,80
3934,Student_3934,81,100
3935,Student_3935,59,65
3936,Student_3936,68,87
3937,Student_3937,53,51
3938,Student_3938,99,86
3939,Student_3939,81,67
3940,Student_3940,61,70
3941,Student_3941,68,58
3942,Student_3942,72,65
3943,Student_3943,77,53
3944,Student_3944,91,58
3945,Student_3945,61,58
3946,Student_3946,87,56
3947,Student_3947,78,62
3948,Student_3948,93,86
3949,Student_3949,51,89
3950,Student_3950,90,55
3951,Student_3951,72,72
3952,Student_3952,59,75
3953,Student_3953,90,93
3954,Student_3954,93,63
3955,Student_3955,91,80
3956,Student_3956,59,50
3957,Student_3957,94,87
3958,Student_3958,70,87
3959,Student_3959,54,59
3960,Student_3960,94,89
3961,Student_3961,52,68
3962,Student_3962,64,69
3963,Student_3963,84,75
3964,Student_3964,54,83
3965,Student_3965,70,79
3966,Student_3966,71,57
3967,Student_3967,90,100
3968,Student_3968,59,78
3969,Student_3969,85,96
3970,Student_3970,78,79
3971,Student_3971,53,86
3972,Student_3972,89,80
3973,Student_3973,97,80
3974,Student_3974,91,67
3975,Student_3975,69,90
3976,Student_3976,86,95
3977,Student_3977,95,79
3978,Student_3978,50,60
3979,Student_3979,95,76
3980,Student_3980,56,77
3981,Student_3981,52,56
3982,Student_3982,82,67
3983,Student_3983,60,54
3984,Student_3984,79,59
3985,Student_3985,72,90
3986,Student_3986,73,95
3987,Student_3987,61,57
3988,Student_3988,77,55
3989,Student_3989,69,82
3990,Student_3990,79,66
3991,Student_3991,75,69
3992,Student_3992,68,99
3993,Student_3993,53,51
3994,Student_3994,53,73
3995,Student_3995,70,58
3996,Student_3996,50,52
3997,Student_3997,76,57
3998,Student_3998,71,96
3999,Student_3999,76,74
4000,Student_4000,90,60
4001,Student_4001,62,97
4002,Student_4002,57,87
4003,Student_4003,66,100
4004,Student_4004,94,71
4005,Student_4005,97,68
4006,Student_4006,55,89
4007,Student_4007,98,86
4008,Student_4008,94,78
4009,Student_4009,60,56
4010,Student_4010,72,66
4011,Student_4011,84,55
4012,Student_4012,69,77
4013,Student_4013,92,66
4014,Student_4014,92,57
4015,Student_4015,77,77
4016,Student_4016,88,89
4017,Student_4017,79,65
4018,Student_4018,83,69
4019,Student_4019,62,92
4020,Student_4020,63,89
4021,Student_4021,99,99
4022,Student_4022,86,67
4023,Student_4023,96,80
4024,Student_4024,71,55
4025,Student_4025,96,60
4026,Student_4026,100,52
4027,Student_4027,81,59
4028,Student_4028,89,94
4029,Student_4029,97,50
4030,Student_4030,76,78
4031,Student_4031,95,93
4032,Student_4032,57,53
4033,Student_4033,92,81
4034,Student_4034,91,71
4035,Student_4035,69,99
4036,Student_4036,95,100
4037,Student_4037,76,98
4038,Student_4038,91,80
4039,Student_4039,57,50
4040,Student_4040,55,52
4041,Student_4041,63,84
4042,Student_4042,61,84
4043,Student_4043,75,93
4044,Student_4044,55,64
4045,Student_4045,70,85
4046,Student_4046,97,56
4047,Student_4047,81,89
4048,Student_4048,53,98
4049,Student_4049,95,95
4050,Student_4050,86,85
4051,Student_4051,50,62
4052,Student_4052,76,78
4053,Student_4053,79,78
4054,Student_4054,75,78
4055,Student_4055,53,91
4056,Student_4056,64,97
4057,Student_4057,82,83
4058,Student_4058,61,73
4059,Student_4059,82,77
4060,Student_4060,55,87
4061,Student_4061,72,57
4062,Student_4062,85,52
4063,Student_4063,66,55
4064,Student_4064,50,93
4065,Student_4065,56,54
4066,Student_4066,82,66
4067,Student_4067,63,91
4068,Student_4068,96,98
4069,Student_4069,80,64
4070,Student_4070,72,88
4071,Student_4071,84,83
4072,Student_4072,75,88
4073,Student_4073,68,73
4074,Student_4074,52,66
4075,Student_4075,64,54
4076,Student_4076,61,92
4077,Student_4077,76,70
4078,Student_4078,64,64
4079,Student_4079,73,93
4080,Student_4080,66,50
4081,Student_4081,70,97
4082,Student_4082,78,90
4083,Student_4083,83,94
4084,Student_4084,68,91
4085,Student_4085,92,98
4086,Student_4086,79,98
4087,Student_4087,60,87
4088,Student_4088,57,92
4089,Student_4089,51,79
4090,Student_4090,68,54
4091,Student_4091,70,54
4092,Student_4092,81,75
4093,Student_4093,81,52
4094,Student_4094,94,70
4095,Student_4095,65,94
4096,Student_4096,51,67
4097,Student_4097,60,69
4098,Student_4098,67,63
4099,Student_4099,79,76
4100,Student_4100,72,64
4101,Student_4101,53,89
4102,Student_4102,69,73
4103,Student_4103,53,54
4104,Student_4104,56,98
4105,Student_4105,100,95
4106,Student_4106,85,100
4107,Student_4107,54,68
4108,Student_4108,55,77
4109,Student_4109,56,61
4110,Student_4110,66,51
4111,Student_4111,91,55
4112,Student_4112,69,64
4113,Student_4113,97,95
4114,Student_4114,94,91
4115,Student_4115,65,60
4116,Student_4116,53,73
4117,Student_4117,79,97
4118,Student_4118,71,66
4119,Student_4119,80,80
4120,Student_4120,54,85
4121,Student_4121,66,77
4122,Student_4122,53,88
4123,Student_4123,68,57
4124,Student_4124,69,99
4125,Student_4125,89,85
4126,Student_4126,77,59
4127,Student_4127,70,83
4128,Student_4128,60,68
4129,Student_4129,90,63
4130,Student_4130,82,78
4131,Student_4131,94,94
4132,Student_4132,98,70
4133,Student_4133,83,93
4134,Student_4134,85,100
4135,Student_4135,68,72
4136,Student_4136,81,59
4137,Student_4137,87,58
4138,Student_4138,51,78
4139,Student_4139,54,98
4140,Student_4140,63,66
4141,Student_4141,60,90
4142,Student_4142,56,57
4143,Student_4143,79,67
4144,Student_4144,69,53
4145,Student_4145,98,99
4146,Student_4146,68,54
4147,Student_4147,76,87
4148,Student_4148,88,91
4149,Student_4149,100,52
4150,Student_4150,100,94
4151,Student_4151,80,99
4152,Student_4152,90,76
4153,Student_4153,61,68
4154,Student_4154,55,81
4155,Student_4155,92,72
4156,Student_4156,90,66
4157,Student_4157,97,85
4158,Student_4158,99,55
4159,Student_4159,71,76
4160,Student_4160,64,89
4161,Student_4161,68,70
4162,Student_4162,64,64
4163,Student_4163,92,84
4164,Student_4164,83,100
4165,Student_4165,79,89
4166,Student_4166,89,92
4167,Student_4167,95,70
4168,Student_4168,73,97
4169,Student_4169,62,55
4170,Student_4170,50,93
4171,Student_4171,92,78
4172,Student_4172,80,70
4173,Student_4173,65,51
4174,Student_4174,89,99
4175,Student_4175,55,98
4176,Student_4176,100,77
4177,Student_4177,77,58
4178,Student_4178,96,72
4179,Student_4179,79,89
4180,Student_4180,69,73
4181,Student_4181,81,53
4182,Student_4182,59,60
4183,Student_4183,54,88
4184,Student_4184,67,50
4185,Student_4185,63,60
4186,Student_4186,94,52
4187,Student_4187,68,79
4188,Student_4188,75,80
4189,Student_4189,82,78
4190,Student_4190,73,51
4191,Student_4191,54,93
4192,Student_4192,76,79
4193,Student_4193,60,85
4194,Student_4194,88,84
4195,Student_4195,56,67
4196,Student_4196,79,87
4197,Student_4197,94,84
4198,Student_4198,65,64
4199,Student_4199,86,95
4200,Student_4200,90,76
4201,Student_4201,59,86
4202,Student_4202,82,50
4203,Student_4203,85,56
4204,Student_4204,90,63
4205,Student_4205,70,81
4206,Student_4206,84,73
4207,Student_4207,64,75
4208,Student_4208,69,83
4209,Student_4209,86,83
4210,Student_4210,81,91
4211,Student_4211,62,77
4212,Student_4212,86,94
4213,Student_4213,81,62
4214,Student_4214,58,92
4215,Student_4215,51,94
4216,Student_4216,59,94
4217,Student_4217,81,54
4218,Student_4218,58,67
4219,Student_4219,55,100
4220,Student_4220,99,52
4221,Student_4221,52,93
4222,Student_4222,66,84
4223,Student_4223,88,50
4224,Student_4224,62,62
4225,Student_4225,94,95
4226,Student_4226,82,93
4227,Student_4227,99,60
4228,Student_4228,72,92
4229,Student_4229,72,67
4230,Student_4230,77,53
4231,Student_4231,72,50
4232,Student_4232,75,54
4233,Student_4233,94,51
4234,Student_4234,92,95
4235,Student_4235,83,61
4236,Student_4236,84,90
4237,Student_4237,94,83
4238,Student_4238,62,90
4239,Student_4239,59,72
4240,Student_4240,75,61
4241,Student_4241,55,95
4242,Student_4242,67,70
4243,Student_4243,57,90
4244,Student_4244,90,74
4245,Student_4245,64,63
4246,Student_4246,76,53
4247,Student_4247,60,95
4248,Student_4248,99,57
4249,Student_4249,76,84
4250,Student_4250,86,85
4251,Student_4251,51,100
4252,Student_4252,91,69
4253,Student_4253,63,99
4254,Student_4254,74,65
4255,Student_4255,54,78
4256,Student_4256,89,93
4257,Student_4257,64,86
4258,Student_4258,60,79
4259,Student_4259,65,89
4260,Student_4260,90,69
4261,Student_4261,99,76
4262,Student_4262,62,84
4263,Student_4263,91,72
4264,Student_4264,94,50
4265,Student_4265,89,75
4266,Student_4266,79,70
4267,Student_4267,88,59
4268,Student_4268,65,58
4269,Student_4269,52,98
4270,Student_4270,93,51
4271,Student_4271,65,68
4272,Student_4272,70,51
4273,Student_4273,61,91
4274,Student_4274,68,58
4275,Student_4275,91,92
4276,Student_4276,88,83
4277,Student_4277,91,61
4278,Student_4278,97,55
4279,Student_4279,95,51
4280,Student_4280,91,79
4281,Student_4281,76,53
4282,Student_4282,76,64
4283,Student_4283,55,70
4284,Student_4284,50,91
4285,Student_4285,69,70
4286,Student_4286,80,57
4287,Student_4287,63,82
4288,Student_4288,71,90
4289,Student_4289,100,88
4290,Student_4290,93,85
4291,Student_4291,84,56
4292,Student_4292,93,63
4293,Student_4293,55,65
4294,Student_4294,82,62
4295,Student_4295,62,84
4296,Student_4296,54,55
4297,Student_4297,57,63
4298,Student_4298,61,65
4299,Student_4299,81,90
4300,Student_4300,96,51
4301,Student_4301,81,78
4302,Student_4302,62,82
4303,Student_4303,97,100
4304,Student_4304,95,96
4305,Student_4305,61,77
4306,Student_4306,79,66
4307,Student_4307,56,97
4308,Student_4308,54,92
4309,Student_4309,53,97
4310,Student_4310,99,74
4311,Student_4311,56,86
4312,Student_4312,77,54
4313,Student_4313,63,78
4314,Student_4314,98,54
4315,Student_4315,96,93
4316,Student_4316,79,65
4317,Student_4317,60,70
4318,Student_4318,55,98
4319,Student_4319,78,80
4320,Student_4320,50,85
4321,Student_4321,93,82
4322,Student_4322,96,82
4323,Student_4323,55,88
4324,Student_4324,99,60
4325,Student_4325,64,81
4326,Student_4326,81,89
4327,Student_4327,79,91
4328,Student_4328,85,58
4329,Student_4329,78,52
4330,Student_4330,86,96
4331,Student_4331,57,50
4332,Student_4332,52,76
4333,Student_4333,61,95
4334,Student_4334,77,61
4335,Student_4335,89,79
4336,Student_4336,58,95
4337,Student_4337,90,91
4338,Student_4338,84,80
4339,Student_4339,66,79
4340,Student_4340,58,79
4341,Student_4341,66,84
4342,Student_4342,51,86
4343,Student_4343,87,90
4344,Student_4344,59,61
4345,Student_4345,63,75
4346,Student_4346,76,84
4347,Student_4347,84,60
4348,Student_4348,94,88
4349,Student_4349,57,94
4350,Student_4350,85,96
4351,Student_4351,87,55
4352,Student_4352,66,79
4353,Student_4353,82,64
4354,Student_4354,91,81
4355,Student_4355,97,98
4356,Student_4356,83,51
4357,Student_4357,88,76
4358,Student_4358,69,55
4359,Student_4359,91,96
4360,Student_4360,78,61
4361,Student_4361,66,56
4362,Student_4362,72,92
4363,Student_4363,51,99
4364,Student_4364,92,54
4365,Student_4365,74,63
4366,Student_4366,51,75
4367,Student_4367,62,92
4368,Student_4368,92,94
4369,Student_4369,63,63
4370,Student_4370,89,62
4371,Student_4371,72,97
4372,Student_4372,93,59
4373,Student_4373,66,68
4374,Student_4374,91,92
4375,Student_4375,64,81
4376,Student_4376,61,96
4377,Student_4377,68,55
4378,Student_4378,72,77
4379,Student_4379,100,83
4380,Student_4380,77,54
4381,Student_4381,70,55
4382,Student_4382,56,60
4383,Student_4383,80,94
4384,Student_4384,100,95
4385,Student_4385,81,59
4386,Student_4386,85,77
4387,Student_4387,81,51
4388,Student_4388,95,78
4389,Student_4389,95,90
4390,Student_4390,67,74
4391,Student_4391,96,77
4392,Student_4392,54,60
4393,Student_4393,51,90
4394,Student_4394,72,81
4395,Student_4395,79,94
4396,Student_4396,74,52
4397,Student_4397,92,52
4398,Student_4398,67,53
4399,Student_4399,55,87
4400,Student_4400,100,80
4401,Student_4401,51,96
4402,Student_4402,92,58
4403,Student_4403,74,74
4404,Student_4404,73,74
4405,Student_4405,60,69
4406,Student_4406,89,94
4407,Student_4407,53,64
4408,Student_4408,81,54
4409,Student_4409,72,80
4410,Student_4410,88,75
4411,Student_4411,91,94
4412,Student_4412,61,62
4413,Student_4413,58,62
4414,Student_4414,93,61
4415,Student_4415,86,89
4416,Student_4416,88,72
4417,Student_4417,69,83
4418,Student_4418,76,98
4419,Student_4419,67,85
4420,Student_4420,98,96
4421,Student_4421,53,69
4422,Student_4422,56,80
4423,Student_4423,66,76
4424,Student_4424,50,77
4425,Student_4425,72,51
4426,Student_4426,100,54
4427,Student_4427,79,59
4428,Student_4428,53,94
4429,Student_4429,52,72
4430,Student_4430,95,87
4431,Student_4431,60,99
4432,Student_4432,76,86
4433,Student_4433,95,91
4434,Student_4434,89,60
4435,Student_4435,58,58
4436,Student_4436,89,66
4437,Student_4437,81,79
4438,Student_4438,70,85
4439,Student_4439,78,99
4440,Student_4440,65,87
4441,Student_4441,56,54
4442,Student_4442,58,70
4443,Student_4443,59,51
4444,Student_4444,52,53
4445,Student_4445,84,59
4446,Student_4446,90,96
4447,Student_4447,68,86
4448,Student_4448,93,83
4449,Student_4449,73,92
4450,Student_4450,73,86
4451,Student_4451,67,60
4452,Student_4452,62,76
4453,Student_4453,99,88
4454,Student_4454,52,71
4455,Student_4455,63,57
4456,Student_4456,57,97
4457,Student_4457,92,85
4458,Student_4458,52,94
4459,Student_4459,67,96
4460,Student_4460,54,80
4461,Student_4461,77,85
4462,Student_4462,72,59
4463,Student_4463,80,58
4464,Student_4464,85,80
4465,Student_4465,95,67
4466,Student_4466,91,62
4467,Student_4467,72,57
4468,Student_4468,73,89
4469,Student_4469,68,54
4470,Student_4470,62,91
4471,Student_4471,100,56
4472,Student_4472,75,57
4473,Student_4473,86,51
4474,Student_4474,95,100
4475,Student_4475,82,72
4476,Student_4476,62,57
4477,Student_4477,67,95
4478,Student_4478,54,75
4479,Student_4479,90,80
4480,Student_4480,51,84
4481,Student_4481,97,61
4482,Student_4482,72,56
4483,Student_4483,98,98
4484,Student_4484,77,55
4485,Student_4485,73,94
4486,Student_4486,92,71
4487,Student_4487,55,52
4488,Student_4488,82,52
4489,Student_4489,66,60
4490,Student_4490,52,75
4491,Student_4491,77,71
4492,Student_4492,51,60
4493,Student_4493,94,55
4494,Student_4494,98,59
4495,Student_4495,74,63
4496,Student_4496,95,86
4497,Student_4497,75,92
4498,Student_4498,99,92
4499,Student_4499,53,59
4500,Student_4500,72,70
4501,Student_4501,91,53
4502,Student_4502,56,87
4503,Student_4503,51,55
4504,Student_4504,73,95
4505,Student_4505,53,77
4506,Student_4506,91,72
4507,Student_4507,97,63
4508,Student_4508,73,83
4509,Student_4509,83,87
4510,Student_4510,59,69
4511,Student_4511,93,72
4512,Student_4512,97,89
4513,Student_4513,69,50
4514,Student_4514,89,92
4515,Student_4515,78,99
4516,Student_4516,86,100
4517,Student_4517,87,70
4518,Student_4518,51,86
4519,Student_4519,98,59
4520,Student_4520,83,73
4521,Student_4521,85,73
4522,Student_4522,86,84
4523,Student_4523,56,74
4524,Student_4524,82,96
4525,Student_4525,71,72
4526,Student_4526,73,82
4527,Student_4527,92,50
4528,Student_4528,61,63
4529,Student_4529,76,89
4530,Student_4530,98,78
4531,Student_4531,86,100
4532,Student_4532,67,99
4533,Student_4533,64,80
4534,Student_4534,61,87
4535,Student_4535,89,99
4536,Student_4536,69,78
4537,Student_4537,93,78
4538,Student_4538,88,89
4539,Student_4539,87,69
4540,Student_4540,75,77
4541,Student_4541,99,75
4542,Student_4542,85,59
4543,Student_4543,76,82
4544,Student_4544,81,77
4545,Student_4545,60,72
4546,Student_4546,53,56
4547,Student_4547,89,53
4548,Student_4548,98,72
4549,Student_4549,91,73
4550,Student_4550,51,65
4551,Student_4551,97,73
4552,Student_4552,65,51
4553,Student_4553,62,91
4554,Student_4554,63,80
4555,Student_4555,86,51
4556,Student_4556,88,96
4557,Student_4557,68,65
4558,Student_4558,99,66
4559,Student_4559,77,98
4560,Student_4560,61,71
4561,Student_4561,59,69
4562,Student_4562,57,61
4563,Student_4563,96,62
4564,Student_4564,86,92
4565,Student_4565,89,63
4566,Student_4566,59,76
4567,Student_4567,83,65
4568,Student_4568,79,100
4569,Student_4569,77,79
4570,Student_4570,70,95
4571,Student_4571,97,61
4572,Student_4572,99,57
4573,Student_4573,52,69
4574,Student_4574,80,72
4575,Student_4575,59,94
4576,Student_4576,53,90
4577,Student_4577,62,68
4578,Student_4578,70,93
4579,Student_4579,86,81
4580,Student_4580,90,88
4581,Student_4581,59,98
4582,Student_4582,93,82
4583,Student_4583,84,95
4584,Student_4584,65,58
4585,Student_4585,78,82
4586,Student_4586,81,62
4587,Student_4587,51,82
4588,Student_4588,88,94
4589,Student_4589,97,77
4590,Student_4590,69,82
4591,Student_4591,92,91
4592,Student_4592,96,67
4593,Student_4593,56,96
4594,Student_4594,65,93
4595,Student_4595,80,64
4596,Student_4596,51,87
4597,Student_4597,85,59
4598,Student_4598,74,94
4599,Student_4599,65,55
4600,Student_4600,89,50
4601,Student_4601,95,55
4602,Student_4602,75,97
4603,Student_4603,75,54
4604,Student_4604,64,69
4605,Student_4605,64,50
4606,Student_4606,54,98
4607,Student_4607,79,54
4608,Student_4608,72,62
4609,Student_4609,53,63
4610,Student_4610,64,71
4611,Student_4611,52,82
4612,Student_4612,60,50
4613,Student_4613,76,68
4614,Student_4614,73,78
4615,Student_4615,51,100
4616,Student_4616,100,61
4617,Student_4617,91,73
4618,Student_4618,90,99
4619,Student_4619,58,72
4620,Student_4620,82,53
4621,Student_4621,95,84
4622,Student_4622,91,63
4623,Student_4623,80,80
4624,Student_4624,64,87
4625,Student_4625,86,84
4626,Student_4626,93,60
4627,Student_4627,58,99
4628,Student_4628,84,58
4629,Student_4629,64,71
4630,Student_4630,91,77
4631,Student_4631,57,58
4632,Student_4632,100,58
4633,Student_4633,84,92
4634,Student_4634,85,71
4635,Student_4635,51,88
4636,Student_4636,73,75
4637,Student_4637,52,91
4638,Student_4638,58,87
4639,Student_4639,74,76
4640,Student_4640,75,66
4641,Student_4641,76,76
4642,Student_4642,64,88
4643,Student_4643,65,88
4644,Student_4644,70,96
4645,Student_4645,56,87
4646,Student_4646,50,81
4647,Student_4647,59,53
4648,Student_4648,68,70
4649,Student_4649,86,85
4650,Student_4650,96,88
4651,Student_4651,100,60
4652,Student_4652,62,80
4653,Student_4653,85,54
4654,Student_4654,62,63
4655,Student_4655,80,97
4656,Student_4656,88,65
4657,Student_4657,66,74
4658,Student_4658,62,71
4659,Student_4659,75,85
4660,Student_4660,68,73
4661,Student_4661,74,92
4662,Student_4662,59,100
4663,Student_4663,97,91
4664,Student_4664,53,59
4665,Student_4665,68,78
4666,Student_4666,82,94
4667,Student_4667,52,55
4668,Student_4668,63,71
4669,Student_4669,52,59
4670,Student_4670,66,63
4671,Student_4671,98,84
4672,Student_4672,67,65
4673,Student_4673,70,52
4674,Student_4674,76,96
4675,Student_4675,74,60
4676,Student_4676,77,92
4677,Student_4677,89,95
4678,Student_4678,80,63
4679,Student_4679,57,59
4680,Student_4680,56,88
4681,Student_4681,88,55
4682,Student_4682,66,89
4683,Student_4683,60,74
4684,Student_4684,67,62
4685,Student_4685,61,57
4686,Student_4686,100,91
4687,Student_4687,58,79
4688,Student_4688,71,65
4689,Student_4689,75,76
4690,Student_4690,53,72
4691,Student_4691,59,82
4692,Student_4692,65,57
4693,Student_4693,62,55
4694,Student_4694,97,83
4695,Student_4695,75,86
4696,Student_4696,66,68
4697,Student_4697,55,51
4698,Student_4698,94,56
4699,Student_4699,92,55
4700,Student_4700,98,83
4701,Student_4701,94,74
4702,Student_4702,96,59
4703,Student_4703,58,90
4704,Student_4704,87,92
4705,Student_4705,91,90
4706,Student_4706,100,51
4707,Student_4707,58,65
4708,Student_4708,97,98
4709,Student_4709,75,85
4710,Student_4710,78,93
4711,Student_4711,83,86
4712,Student_4712,71,69
4713,Student_4713,60,71
4714,Student_4714,80,87
4715,Student_4715,74,53
4716,Student_4716,53,69
4717,Student_4717,98,56
4718,Student_4718,83,55
4719,Student_4719,84,63
4720,Student_4720,75,50
4721,Student_4721,54,66
4722,Student_4722,89,96
4723,Student_4723,95,86
4724,Student_4724,52,70
4725,Student_4725,83,71
4726,Student_4726,87,94
4727,Student_4727,87,74
4728,Student_4728,79,74
4729,Student_4729,66,74
4730,Student_4730,73,96
4731,Student_4731,50,66
4732,Student_4732,71,82
4733,Student_4733,59,64
4734,Student_4734,83,68
4735,Student_4735,91,58
4736,Student_4736,70,52
4737,Student_4737,79,86
4738,Student_4738,97,98
4739,Student_4739,67,84
4740,Student_4740,87,87
4741,Student_4741,65,68
4742,Student_4742,72,91
4743,Student_4743,95,88
4744,Student_4744,58,76
4745,Student_4745,60,77
4746,Student_4746,89,63
4747,Student_4747,64,54
4748,Student_4748,76,66
4749,Student_4749,60,91
4750,Student_4750,57,69
4751,Student_4751,80,50
4752,Student_4752,93,59
4753,Student_4753,80,98
4754,Student_4754,83,64
4755,Student_4755,74,94
4756,Student_4756,62,60
4757,Student_4757,59,85
4758,Student_4758,85,56
4759,Student_4759,67,83
4760,Student_4760,80,65
4761,Student_4761,54,71
4762,Student_4762,88,96
4763,Student_4763,79,100
4764,Student_4764,98,55
4765,Student_4765,90,53
4766,Student_4766,98,79
4767,Student_4767,67,96
4768,Student_4768,54,73
4769,Student_4769,55,78
4770,Student_4770,80,56
4771,Student_4771,52,98
4772,Student_4772,95,66
4773,Student_4773,78,63
4774,Student_4774,67,85
4775,Student_4775,50,68
4776,Student_4776,94,83
4777,Student_4777,53,98
4778,Student_4778,68,76
4779,Student_4779,58,80
4780,Student_4780,83,52
4781,Student_4781,94,100
4782,Student_4782,80,69
4783,Student_4783,80,86
4784,Student_4784,52,89
4785,Student_4785,85,90
4786,Student_4786,97,72
4787,Student_4787,78,63
4788,Student_4788,71,88
4789,Student_4789,57,52
4790,Student_4790,96,100
4791,Student_4791,59,97
4792,Student_4792,88,66
4793,Student_4793,62,64
4794,Student_4794,62,88
4795,Student_4795,57,80
4796,Student_4796,52,57
4797,Student_4797,68,92
4798,Student_4798,89,53
4799,Student_4799,67,86
4800,Student_4800,62,92
4801,Student_4801,71,89
4802,Student_4802,85,79
4803,Student_4803,92,65
4804,Student_4804,65,95
4805,Student_4805,64,79
4806,Student_4806,50,63
4807,Student_4807,67,81
4808,Student_4808,94,87
4809,Student_4809,82,80
4810,Student_4810,58,80
4811,Student_4811,89,55
4812,Student_4812,99,94
4813,Student_4813,87,85
4814,Student_4814,85,100
4815,Student_4815,72,97
4816,Student_4816,93,75
4817,Student_4817,96,93
4818,Student_4818,83,74
4819,Student_4819,75,54
4820,Student_4820,100,78
4821,Student_4821,50,65
4822,Student_4822,63,95
4823,Student_4823,72,68
4824,Student_4824,78,87
4825,Student_4825,92,67
4826,Student_4826,86,86
4827,Student_4827,68,64
4828,Student_4828,86,52
4829,Student_4829,52,78
4830,Student_4830,69,52
4831,Student_4831,61,72
4832,Student_4832,52,93
4833,Student_4833,94,76
4834,Student_4834,100,98
4835,Student_4835,88,74
4836,Student_4836,72,58
4837,Student_4837,91,50
4838,Student_4838,98,78
4839,Student_4839,97,81
4840,Student_4840,70,76
4841,Student_4841,60,58
4842,Student_4842,89,89
4843,Student_4843,73,86
4844,Student_4844,76,56
4845,Student_4845,93,61
4846,Student_4846,84,61
4847,Student_4847,94,74
4848,Student_4848,74,86
4849,Student_4849,51,70
4850,Student_4850,61,67
4851,Student_4851,62,96
4852,Student_4852,91,82
4853,Student_4853,53,63
4854,Student_4854,97,85
4855,Student_4855,82,77
4856,Student_4856,96,52
4857,Student_4857,95,70
4858,Student_4858,69,63
4859,Student_4859,93,51
4860,Student_4860,57,96
4861,Student_4861,98,95
4862,Student_4862,93,89
4863,Student_4863,95,56
4864,Student_4864,52,87
4865,Student_4865,95,70
4866,Student_4866,65,75
4867,Student_4867,55,86
4868,Student_4868,93,91
4869,Student_4869,82,61
4870,Student_4870,87,51
4871,Student_4871,70,95
4872,Student_4872,85,56
4873,Student_4873,60,53
4874,Student_4874,65,99
4875,Student_4875,59,96
4876,Student_4876,84,98
4877,Student_4877,99,96
4878,Student_4878,60,61
4879,Student_4879,91,53
4880,Student_4880,51,51
4881,Student_4881,77,88
4882,Student_4882,83,50
4883,Student_4883,88,83
4884,Student_4884,69,68
4885,Student_4885,98,75
4886,Student_4886,73,73
4887,Student_4887,90,64
4888,Student_4888,63,61
4889,Student_4889,50,69
4890,Student_4890,78,96
4891,Student_4891,72,61
4892,Student_4892,97,67
4893,Student_4893,72,77
4894,Student_4894,86,59
4895,Student_4895,62,63
4896,Student_4896,58,69
4897,Student_4897,61,90
4898,Student_4898,55,87
4899,Student_4899,56,76
4900,Student_4900,97,65
4901,Student_4901,53,94
4902,Student_4902,83,80
4903,Student_4903,98,69
4904,Student_4904,83,67
4905,Student_4905,70,95
4906,Student_4906,88,100
4907,Student_4907,79,80
4908,Student_4908,71,87
4909,Student_4909,52,62
4910,Student_4910,75,75
4911,Student_4911,76,61
4912,Student_4912,88,53
4913,Student_4913,57,63
4914,Student_4914,82,75
4915,Student_4915,54,60
4916,Student_4916,52,81
4917,Student_4917,78,52
4918,Student_4918,69,91
4919,Student_4919,54,89
4920,Student_4920,87,65
4921,Student_4921,74,90
4922,Student_4922,98,98
4923,Student_4923,55,94
4924,Student_4924,70,68
4925,Student_4925,97,95
4926,Student_4926,86,78
4927,Student_4927,72,67
4928,Student_4928,95,88
4929,Student_4929,88,67
4930,Student_4930,82,55
4931,Student_4931,56,72
4932,Student_4932,83,57
4933,Student_4933,79,50
4934,Student_4934,54,69
4935,Student_4935,65,52
4936,Student_4936,61,94
4937,Student_4937,53,62
4938,Student_4938,93,69
4939,Student_4939,80,79
4940,Student_4940,89,80
4941,Student_4941,55,67
4942,Student_4942,100,52
4943,Student_4943,94,55
4944,Student_4944,64,69
4945,Student_4945,63,81
4946,Student_4946,93,88
4947,Student_4947,78,90
4948,Student_4948,62,59
4949,Student_4949,57,52
4950,Student_4950,97,74
4951,Student_4951,78,75
4952,Student_4952,76,54
4953,Student_4953,60,67
4954,Student_4954,80,67
4955,Student_4955,64,77
4956,Student_4956,79,71
4957,Student_4957,74,90
4958,Student_4958,63,85
4959,Student_4959,67,60
4960,Student_4960,58,68
4961,Student_4961,64,61
4962,Student_4962,99,71
4963,Student_4963,97,76
4964,Student_4964,77,85
4965,Student_4965,64,88
4966,Student_4966,89,81
4967,Student_4967,50,59
4968,Student_4968,51,57
4969,Student_4969,94,74
4970,Student_4970,75,91
4971,Student_4971,73,71
4972,Student_4972,91,97
4973,Student_4973,97,72
4974,Student_4974,93,68
4975,Student_4975,93,58
4976,Student_4976,73,83
4977,Student_4977,62,65
4978,Student_4978,100,80
4979,Student_4979,82,53
4980,Student_4980,61,60
4981,Student_4981,51,70
4982,Student_4982,58,89
4983,Student_4983,95,91
4984,Student_4984,99,71
4985,Student_4985,100,73
4986,Student_4986,77,95
4987,Student_4987,60,92
4988,Student_4988,89,100
4989,Student_4989,67,92
4990,Student_4990,97,94
4991,Student_4991,50,98
4992,Student_4992,51,92
4993,Student_4993,65,60
4994,Student_4994,96,79
4995,Student_4995,52,68
4996,Student_4996,59,79
4997,Student_4997,60,74
4998,Student_4998,73,85
4999,Student_4999,69,68
5000,Student_5000,66,78
5001,Student_5001,82,65
5002,Student_5002,83,60
5003,Student_5003,86,93
5004,Student_5004,94,86
5005,Student_5005,79,87
5006,Student_5006,69,89
5007,Student_5007,57,67
5008,Student_5008,62,76
5009,Student_5009,87,51
5010,Student_5010,62,77
5011,Student_5011,93,91
5012,Student_5012,64,56
5013,Student_5013,100,51
5014,Student_5014,77,56
5015,Student_5015,94,92
5016,Student_5016,70,85
5017,Student_5017,82,53
5018,Student_5018,53,89
5019,Student_5019,57,62
5020,Student_5020,59,97
5021,Student_5021,64,65
5022,Student_5022,85,57
5023,Student_5023,99,67
5024,Student_5024,93,87
5025,Student_5025,68,69
5026,Student_5026,75,65
5027,Student_5027,67,74
5028,Student_5028,87,98
5029,Student_5029,55,56
5030,Student_5030,58,56
5031,Student_5031,94,57
5032,Student_5032,78,59
5033,Student_5033,88,97
5034,Student_5034,94,58
5035,Student_5035,100,97
5036,Student_5036,94,68
5037,Student_5037,57,66
5038,Student_5038,90,93
5039,Student_5039,55,55
5040,Student_5040,64,81
5041,Student_5041,62,74
5042,Student_5042,60,63
5043,Student_5043,62,81
5044,Student_5044,80,86
5045,Student_5045,77,84
5046,Student_5046,59,60
5047,Student_5047,97,89
5048,Student_5048,67,94
5049,Student_5049,99,87
5050,Student_5050,72,62
5051,Student_5051,91,68
5052,Student_5052,80,69
5053,Student_5053,73,80
5054,Student_5054,64,87
5055,Student_5055,93,52
5056,Student_5056,73,62
5057,Student_5057,84,58
5058,Student_5058,97,76
5059,Student_5059,52,78
5060,Student_5060,51,82
5061,Student_5061,94,84
5062,Student_5062,86,88
5063,Student_5063,89,96
5064,Student_5064,75,55
5065,Student_5065,86,59
5066,Student_5066,71,91
5067,Student_5067,62,86
5068,Student_5068,56,54
5069,Student_5069,81,57
5070,Student_5070,77,73
5071,Student_5071,98,90
5072,Student_5072,65,58
5073,Student_5073,53,67
5074,Student_5074,84,55
5075,Student_5075,55,50
5076,Student_5076,64,82
5077,Student_5077,76,52
5078,Student_5078,66,83
5079,Student_5079,86,92
5080,Student_5080,64,90
5081,Student_5081,70,78
5082,Student_5082,63,54
5083,Student_5083,63,83
5084,Student_5084,89,98
5085,Student_5085,58,65
5086,Student_5086,97,98
5087,Student_5087,51,85
5088,Student_5088,66,77
5089,Student_5089,95,84
5090,Student_5090,53,77
5091,Student_5091,84,74
5092,Student_5092,91,78
5093,Student_5093,68,81
5094,Student_5094,65,56
5095,Student_5095,76,53
5096,Student_5096,98,96
5097,Student_5097,85,88
5098,Student_5098,81,50
5099,Student_5099,82,54
5100,Student_5100,92,89
5101,Student_5101,52,88
5102,Student_5102,75,90
5103,Student_5103,99,94
5104,Student_5104,99,94
5105,Student_5105,86,97
5106,Student_5106,67,82
5107,Student_5107,52,86
5108,Student_5108,79,92
5109,Student_5109,91,60
5110,Student_5110,79,93
5111,Student_5111,51,100
5112,Student_5112,68,51
5113,Student_5113,100,66
5114,Student_5114,72,72
5115,Student_5115,81,95
5116,Student_5116,57,88
5117,Student_5117,90,60
5118,Student_5118,74,86
5119,Student_5119,80,69
5120,Student_5120,99,93
5121,Student_5121,74,96
5122,Student_5122,96,74
5123,Student_5123,78,81
5124,Student_5124,82,57
5125,Student_5125,72,90
5126,Student_5126,66,51
5127,Student_5127,98,65
5128,Student_5128,52,59
5129,Student_5129,77,91
5130,Student_5130,91,53
5131,Student_5131,97,56
5132,Student_5132,89,96
5133,Student_5133,64,86
5134,Student_5134,56,64
5135,Student_5135,95,92
5136,Student_5136,77,73
5137,Student_5137,52,76
5138,Student_5138,95,73
5139,Student_5139,85,64
5140,Student_5140,58,71
5141,Student_5141,78,55
5142,Student_5142,97,70
5143,Student_5143,80,74
5144,Student_5144,96,81
5145,Student_5145,92,72
5146,Student_5146,61,94
5147,Student_5147,84,86
5148,Student_5148,63,77
5149,Student_5149,56,98
5150,Student_5150,50,69
5151,Student_5151,59,59
5152,Student_5152,51,74
5153,Student_5153,99,93
5154,Student_5154,66,68
5155,Student_5155,72,79
5156,Student_5156,77,93
5157,Student_5157,94,84
5158,Student_5158,94,91
5159,Student_5159,93,91
5160,Student_5160,84,52
5161,Student_5161,97,62
5162,Student_5162,79,96
5163,Student_5163,78,88
5164,Student_5164,85,85
5165,Student_5165,62,70
5166,Student_5166,70,77
5167,Student_5167,86,67
5168,Student_5168,100,100
5169,Student_5169,75,82
5170,Student_5170,74,71
5171,Student_5171,84,73
5172,Student_5172,92,81
5173,Student_5173,68,89
5174,Student_5174,82,82
5175,Student_5175,62,99
5176,Student_5176,77,73
5177,Student_5177,55,54
5178,Student_5178,89,68
5179,Student_5179,66,91
5180,Student_5180,50,81
5181,Student_5181,61,56
5182,Student_5182,76,64
5183,Student_5183,77,85
5184,Student_5184,97,59
5185,Student_5185,63,66
5186,Student_5186,56,51
5187,Student_5187,51,97
5188,Student_5188,60,91
5189,Student_5189,81,90
5190,Student_5190,51,52
5191,Student_5191,50,98
5192,Student_5192,72,75
5193,Student_5193,78,62
5194,Student_5194,100,94
5195,Student_5195,50,72
5196,Student_5196,61,78
5197,Student_5197,94,51
5198,Student_5198,64,93
5199,Student_5199,57,55
5200,Student_5200,81,54
5201,Student_5201,87,83
5202,Student_5202,97,92
5203,Student_5203,52,54
5204,Student_5204,97,64
5205,Student_5205,100,65
5206,Student_5206,52,59
5207,Student_5207,79,60
5208,Student_5208,100,98
5209,Student_5209,79,56
5210,Student_5210,72,59
5211,Student_5211,56,57
5212,Student_5212,64,83
5213,Student_5213,66,82
5214,Student_5214,57,50
5215,Student_5215,100,57
5216,Student_5216,52,94
5217,Student_5217,86,69
5218,Student_5218,67,90
5219,Student_5219,74,64
5220,Student_5220,75,92
5221,Student_5221,97,66
5222,Student_5222,97,54
5223,Student_5223,97,72
5224,Student_5224,88,86
5225,Student_5225,66,96
5226,Student_5226,99,78
5227,Student_5227,81,76
5228,Student_5228,82,93
5229,Student_5229,54,55
5230,Student_5230,51,67
5231,Student_5231,54,83
5232,Student_5232,61,90
5233,Student_5233,52,64
5234,Student_5234,81,88
5235,Student_5235,53,88
5236,Student_5236,100,86
5237,Student_5237,70,57
5238,Student_5238,66,59
5239,Student_5239,86,65
5240,Student_5240,66,61
5241,Student_5241,90,76
5242,Student_5242,79,69
5243,Student_5243,67,75
5244,Student_5244,66,66
5245,Student_5245,91,98
5246,Student_5246,58,99
5247,Student_5247,82,63
5248,Student_5248,78,59
5249,Student_5249,95,94
5250,Student_5250,86,67
5251,Student_5251,61,73
5252,Student_5252,72,68
5253,Student_5253,95,95
5254,Student_5254,83,88
5255,Student_5255,55,51
5256,Student_5256,77,56
5257,Student_5257,59,81
5258,Student_5258,69,82
5259,Student_5259,96,53
5260,Student_5260,71,70
5261,Student_5261,65,95
5262,Student_5262,69,81
5263,Student_5263,74,55
5264,Student_5264,87,52
5265,Student_5265,87,92
5266,Student_5266,56,87
5267,Student_5267,90,99
5268,Student_5268,95,97
5269,Student_5269,97,83
5270,Student_5270,65,92
5271,Student_5271,57,100
5272,Student_5272,58,80
5273,Student_5273,65,91
5274,Student_5274,53,98
5275,Student_5275,74,83
5276,Student_5276,69,62
5277,Student_5277,75,93
5278,Student_5278,95,54
5279,Student_5279,71,92
5280,Student_5280,52,82
5281,Student_5281,91,73
5282,Student_5282,61,51
5283,Student_5283,96,89
5284,Student_5284,92,54
5285,Student_5285,92,64
5286,Student_5286,58,60
5287,Student_5287,84,71
5288,Student_5288,81,70
5289,Student_5289,88,61
5290,Student_5290,58,59
5291,Student_5291,53,73
5292,Student_5292,85,66
5293,Student_5293,56,100
5294,Student_5294,92,71
5295,Student_5295,74,79
5296,Student_5296,59,61
5297,Student_5297,64,71
5298,Student_5298,79,84
5299,Student_5299,76,81
5300,Student_5300,69,77
5301,Student_5301,90,67
5302,Student_5302,82,78
5303,Student_5303,55,93
5304,Student_5304,87,56
5305,Student_5305,90,76
5306,Student_5306,58,80
5307,Student_5307,53,100
5308,Student_5308,64,90
5309,Student_5309,89,55
5310,Student_5310,62,98
5311,Student_5311,67,96
5312,Student_5312,70,64
5313,Student_5313,76,62
5314,Student_5314,59,99
5315,Student_5315,62,81
5316,Student_5316,77,59
5317,Student_5317,83,53
5318,Student_5318,73,65
5319,Student_5319,95,71
5320,Student_5320,50,52
5321,Student_5321,76,72
5322,Student_5322,66,87
5323,Student_5323,82,61
5324,Student_5324,70,88
5325,Student_5325,92,66
5326,Student_5326,79,82
5327,Student_5327,97,72
5328,Student_5328,53,50
5329,Student_5329,60,52
5330,Student_5330,85,74
5331,Student_5331,91,89
5332,Student_5332,64,89
5333,Student_5333,51,73
5334,Student_5334,78,68
5335,Student_5335,68,69
5336,Student_5336,72,75
5337,Student_5337,97,71
5338,Student_5338,78,72
5339,Student_5339,59,54
5340,Student_5340,90,91
5341,Student_5341,79,58
5342,Student_5342,70,87
5343,Student_5343,82,62
5344,Student_5344,79,67
5345,Student_5345,66,80
5346,Student_5346,89,100
5347,Student_5347,71,59
5348,Student_5348,79,66
5349,Student_5349,94,76
5350,Student_5350,55,88
5351,Student_5351,72,99
5352,Student_5352,83,80
5353,Student_5353,53,54
5354,Student_5354,86,72
5355,Student_5355,81,53
5356,Student_5356,52,88
5357,Student_5357,60,50
5358,Student_5358,66,84
5359,Student_5359,85,63
5360,Student_5360,83,95
5361,Student_5361,96,50
5362,Student_5362,76,95
5363,Student_5363,62,84
5364,Student_5364,92,94
5365,Student_5365,52,96
5366,Student_5366,57,58
5367,Student_5367,81,96
5368,Student_5368,55,72
5369,Student_5369,82,79
5370,Student_5370,63,90
5371,Student_5371,68,70
5372,Student_5372,68,97
5373,Student_5373,53,94
5374,Student_5374,51,78
5375,Student_5375,50,78
5376,Student_5376,53,82
5377,Student_5377,62,77
5378,Student_5378,79,77
5379,Student_5379,54,60
5380,Student_5380,93,55
5381,Student_5381,53,69
5382,Student_5382,77,50
5383,Student_5383,58,64
5384,Student_5384,94,84
5385,Student_5385,70,58
5386,Student_5386,100,61
5387,Student_5387,81,65
5388,Student_5388,57,71
5389,Student_5389,77,81
5390,Student_5390,83,91
5391,Student_5391,64,82
5392,Student_5392,71,89
5393,Student_5393,57,75
5394,Student_5394,72,50
5395,Student_5395,53,68
5396,Student_5396,63,82
5397,Student_5397,53,69
5398,Student_5398,83,62
5399,Student_5399,67,65
5400,Student_5400,71,62
5401,Student_5401,76,66
5402,Student_5402,56,61
5403,Student_5403,96,61
5404,Student_5404,81,94
5405,Student_5405,78,87
5406,Student_5406,95,100
5407,Student_5407,68,64
5408,Student_5408,53,91
5409,Student_5409,67,100
5410,Student_5410,82,70
5411,Student_5411,66,97
5412,Student_5412,64,65
5413,Student_5413,67,85
5414,Student_5414,56,59
5415,Student_5415,54,75
5416,Student_5416,70,98
5417,Student_5417,84,77
5418,Student_5418,75,63
5419,Student_5419,66,51
5420,Student_5420,83,55
5421,Student_5421,79,94
5422,Student_5422,65,97
5423,Student_5423,87,51
5424,Student_5424,74,60
5425,Student_5425,51,97
5426,Student_5426,99,86
5427,Student_5427,95,92
5428,Student_5428,93,52
5429,Student_5429,79,96
5430,Student_5430,59,72
5431,Student_5431,73,77
5432,Student_5432,58,78
5433,Student_5433,81,50
5434,Student_5434,91,66
5435,Student_5435,98,79
5436,Student_5436,76,98
5437,Student_5437,85,82
5438,Student_5438,54,54
5439,Student_5439,51,91
5440,Student_5440,58,71
5441,Student_5441,87,89
5442,Student_5442,51,88
5443,Student_5443,100,60
5444,Student_5444,90,57
5445,Student_5445,71,73
5446,Student_5446,73,89
5447,Student_5447,53,75
5448,Student_5448,68,52
5449,Student_5449,87,100
5450,Student_5450,57,87
5451,Student_5451,66,52
5452,Student_5452,59,78
5453,Student_5453,83,66
5454,Student_5454,100,95
5455,Student_5455,87,63
5456,Student_5456,71,85
5457,Student_5457,80,87
5458,Student_5458,84,59
5459,Student_5459,57,51
5460,Student_5460,100,54
5461,Student_5461,80,50
5462,Student_5462,69,99
5463,Student_5463,74,55
5464,Student_5464,100,94
5465,Student_5465,59,99
5466,Student_5466,96,65
5467,Student_5467,73,79
5468,Student_5468,86,79
5469,Student_5469,96,83
5470,Student_5470,71,57
5471,Student_5471,57,70
5472,Student_5472,79,54
5473,Student_5473,58,54
5474,Student_5474,78,55
5475,Student_5475,66,59
5476,Student_5476,50,56
5477,Student_5477,99,59
5478,Student_5478,66,93
5479,Student_5479,92,59
5480,Student_5480,73,94
5481,Student_5481,84,54
5482,Student_5482,92,77
5483,Student_5483,86,66
5484,Student_5484,99,94
5485,Student_5485,54,66
5486,Student_5486,61,58
5487,Student_5487,92,61
5488,Student_5488,94,76
5489,Student_5489,86,62
5490,Student_5490,74,59
5491,Student_5491,71,72
5492,Student_5492,88,75
5493,Student_5493,68,55
5494,Student_5494,55,50
5495,Student_5495,88,93
5496,Student_5496,100,85
5497,Student_5497,53,73
5498,Student_5498,84,70
5499,Student_5499,97,57
5500,Student_5500,51,100
5501,Student_5501,74,82
5502,Student_5502,54,82
5503,Student_5503,82,60
5504,Student_5504,88,87
5505,Student_5505,80,68
5506,Student_5506,75,97
5507,Student_5507,62,100
5508,Student_5508,62,55
5509,Student_5509,62,55
5510,Student_5510,73,52
5511,Student_5511,53,82
5512,Student_5512,89,75
5513,Student_5513,93,59
5514,Student_5514,100,66
5515,Student_5515,84,58
5516,Student_5516,88,59
5517,Student_5517,56,84
5518,Student_5518,58,73
5519,Student_5519,86,86
5520,Student_5520,99,60
5521,Student_5521,75,71
5522,Student_5522,53,59
5523,Student_5523,87,63
5524,Student_5524,63,91
5525,Student_5525,52,78
5526,Student_5526,78,83
5527,Student_5527,56,81
5528,Student_5528,63,81
5529,Student_5529,66,52
5530,Student_5530,61,51
5531,Student_5531,75,95
5532,Student_5532,86,58
5533,Student_5533,50,69
5534,Student_5534,83,88
5535,Student_5535,50,59
5536,Student_5536,63,55
5537,Student_5537,70,94
5538,Student_5538,79,66
5539,Student_5539,98,99
5540,Student_5540,60,55
5541,Student_5541,87,78
5542,Student_5542,93,89
5543,Student_5543,96,83
5544,Student_5544,94,85
5545,Student_5545,76,65
5546,Student_5546,88,60
5547,Student_5547,64,52
5548,Student_5548,92,62
5549,Student_5549,80,56
5550,Student_5550,63,69
5551,Student_5551,74,56
5552,Student_5552,59,97
5553,Student_5553,81,55
5554,Student_5554,72,76
5555,Student_5555,57,97
5556,Student_5556,97,56
5557,Student_5557,82,68
5558,Student_5558,61,53
5559,Student_5559,55,64
5560,Student_5560,56,93
5561,Student_5561,87,76
5562,Student_5562,90,88
5563,Student_5563,77,77
5564,Student_5564,97,55
5565,Student_5565,75,56
5566,Student_5566,65,99
5567,Student_5567,79,51
5568,Student_5568,99,65
5569,Student_5569,90,77
5570,Student_5570,66,59
5571,Student_5571,62,68
5572,Student_5572,71,100
5573,Student_5573,79,73
5574,Student_5574,71,85
5575,Student_5575,99,70
5576,Student_5576,61,99
5577,Student_5577,52,69
5578,Student_5578,87,66
5579,Student_5579,62,66
5580,Student_5580,89,93
5581,Student_5581,56,83
5582,Student_5582,68,82
5583,Student_5583,71,52
5584,Student_5584,52,79
5585,Student_5585,76,69
5586,Student_5586,94,74
5587,Student_5587,69,52
5588,Student_5588,64,66
5589,Student_5589,71,63
5590,Student_5590,68,54
5591,Student_5591,76,69
5592,Student_5592,89,78
5593,Student_5593,76,56
5594,Student_5594,56,51
5595,Student_5595,69,82
5596,Student_5596,50,70
5597,Student_5597,77,53
5598,Student_5598,86,58
5599,Student_5599,68,92
5600,Student_5600,62,50
5601,Student_5601,64,64
5602,Student_5602,94,86
5603,Student_5603,50,77
5604,Student_5604,50,91
5605,Student_5605,62,74
5606,Student_5606,97,88
5607,Student_5607,69,64
5608,Student_5608,51,52
5609,Student_5609,52,77
5610,Student_5610,65,54
5611,Student_5611,53,91
5612,Student_5612,83,56
5613,Student_5613,75,74
5614,Student_5614,63,75
5615,Student_5615,80,72
5616,Student_5616,51,70
5617,Student_5617,58,57
5618,Student_5618,94,93
5619,Student_5619,56,52
5620,Student_5620,54,51
5621,Student_5621,68,75
5622,Student_5622,53,91
5623,Student_5623,83,77
5624,Student_5624,56,63
5625,Student_5625,70,94
5626,Student_5626,84,100
5627,Student_5627,65,98
5628,Student_5628,63,99
5629,Student_5629,84,52
5630,Student_5630,85,83
5631,Student_5631,95,87
5632,Student_5632,91,57
5633,Student_5633,94,75
5634,Student_5634,70,87
5635,Student_5635,99,94
5636,Student_5636,61,73
5637,Student_5637,71,89
5638,Student_5638,73,55
5639,Student_5639,63,88
5640,Student_5640,78,59
5641,Student_5641,67,72
5642,Student_5642,93,74
5643,Student_5643,93,78
5644,Student_5644,96,56
5645,Student_5645,92,88
5646,Student_5646,60,88
5647,Student_5647,63,72
5648,Student_5648,57,98
5649,Student_5649,99,92
5650,Student_5650,99,64
5651,Student_5651,64,90
5652,Student_5652,91,59
5653,Student_5653,77,100
5654,Student_5654,78,53
5655,Student_5655,78,88
5656,Student_5656,87,70
5657,Student_5657,66,51
5658,Student_5658,66,96
5659,Student_5659,82,97
5660,Student_5660,75,75
5661,Student_5661,79,75
5662,Student_5662,97,57
5663,Student_5663,54,99
5664,Student_5664,70,62
5665,Student_5665,99,100
5666,Student_5666,94,72
5667,Student_5667,67,60
5668,Student_5668,95,87
5669,Student_5669,53,51
5670,Student_5670,98,52
5671,Student_5671,56,55
5672,Student_5672,74,97
5673,Student_5673,87,62
5674,Student_5674,52,88
5675,Student_5675,56,87
5676,Student_5676,96,99
5677,Student_5677,96,73
5678,Student_5678,67,89
5679,Student_5679,84,62
5680,Student_5680,53,84
5681,Student_5681,88,100
5682,Student_5682,63,74
5683,Student_5683,78,61
5684,Student_5684,76,73
5685,Student_5685,65,92
5686,Student_5686,54,81
5687,Student_5687,83,99
5688,Student_5688,63,68
5689,Student_5689,91,58
5690,Student_5690,90,98
5691,Student_5691,54,67
5692,Student_5692,98,76
5693,Student_5693,99,90
5694,Student_5694,67,60
5695,Student_5695,93,70
5696,Student_5696,52,89
5697,Student_5697,71,84
5698,Student_5698,66,90
5699,Student_5699,76,64
5700,Student_5700,65,63
5701,Student_5701,58,74
5702,Student_5702,89,67
5703,Student_5703,93,52
5704,Student_5704,56,62
5705,Student_5705,52,76
5706,Student_5706,96,64
5707,Student_5707,55,74
5708,Student_5708,67,53
5709,Student_5709,68,63
5710,Student_5710,65,86
5711,Student_5711,91,78
5712,Student_5712,54,75
5713,Student_5713,77,77
5714,Student_5714,81,73
5715,Student_5715,52,83
5716,Student_5716,90,89
5717,Student_5717,57,65
5718,Student_5718,91,87
5719,Student_5719,50,94
5720,Student_5720,67,58
5721,Student_5721,100,73
5722,Student_5722,52,68
5723,Student_5723,53,58
5724,Student_5724,55,74
5725,Student_5725,76,62
5726,Student_5726,79,62
5727,Student_5727,71,88
5728,Student_5728,91,75
5729,Student_5729,64,85
5730,Student_5730,83,62
5731,Student_5731,60,75
5732,Student_5732,61,94
5733,Student_5733,73,62
5734,Student_5734,80,75
5735,Student_5735,54,97
5736,Student_5736,87,74
5737,Student_5737,74,62
5738,Student_5738,50,57
5739,Student_5739,53,62
5740,Student_5740,71,98
5741,Student_5741,94,99
5742,Student_5742,98,68
5743,Student_5743,74,67
5744,Student_5744,67,100
5745,Student_5745,83,51
5746,Student_5746,96,55
5747,Student_5747,90,96
5748,Student_5748,97,78
5749,Student_5749,51,71
5750,Student_5750,88,62
5751,Student_5751,77,64
5752,Student_5752,72,67
5753,Student_5753,79,92
5754,Student_5754,85,68
5755,Student_5755,88,58
5756,Student_5756,63,66
5757,Student_5757,51,64
5758,Student_5758,87,51
5759,Student_5759,61,72
5760,Student_5760,52,84
5761,Student_5761,55,88
5762,Student_5762,62,92
5763,Student_5763,84,54
5764,Student_5764,65,90
5765,Student_5765,80,64
5766,Student_5766,97,53
5767,Student_5767,83,56
5768,Student_5768,58,54
5769,Student_5769,59,80
5770,Student_5770,68,78
5771,Student_5771,61,73
5772,Student_5772,68,80
5773,Student_5773,81,75
5774,Student_5774,73,76
5775,Student_5775,97,50
5776,Student_5776,76,93
5777,Student_5777,70,60
5778,Student_5778,71,67
5779,Student_5779,64,85
5780,Student_5780,51,50
5781,Student_5781,91,65
5782,Student_5782,69,95
5783,Student_5783,93,85
5784,Student_5784,63,73
5785,Student_5785,55,94
5786,Student_5786,97,98
5787,Student_5787,60,92
5788,Student_5788,84,77
5789,Student_5789,97,63
5790,Student_5790,94,86
5791,Student_5791,94,99
5792,Student_5792,94,91
5793,Student_5793,99,70
5794,Student_5794,54,99
5795,Student_5795,71,62
5796,Student_5796,71,75
5797,Student_5797,85,91
5798,Student_5798,100,72
5799,Student_5799,99,62
5800,Student_5800,66,60
5801,Student_5801,60,54
5802,Student_5802,98,79
5803,Student_5803,94,85
5804,Student_5804,59,72
5805,Student_5805,84,51
5806,Student_5806,61,64
5807,Student_5807,61,62
5808,Student_5808,84,79
5809,Student_5809,90,89
5810,Student_5810,95,83
5811,Student_5811,76,55
5812,Student_5812,91,66
5813,Student_5813,97,87
5814,Student_5814,69,71
5815,Student_5815,99,73
5816,Student_5816,77,83
5817,Student_5817,57,75
5818,Student_5818,73,57
5819,Student_5819,97,99
5820,Student_5820,55,73
5821,Student_5821,99,67
5822,Student_5822,55,71
5823,Student_5823,93,78
5824,Student_5824,95,95
5825,Student_5825,69,88
5826,Student_5826,96,85
5827,Student_5827,50,59
5828,Student_5828,77,54
5829,Student_5829,50,84
5830,Student_5830,64,88
5831,Student_5831,73,91
5832,Student_5832,84,64
5833,Student_5833,77,51
5834,Student_5834,94,85
5835,Student_5835,78,62
5836,Student_5836,93,51
5837,Student_5837,77,56
5838,Student_5838,64,63
5839,Student_5839,66,74
5840,Student_5840,62,86
5841,Student_5841,54,55
5842,Student_5842,66,90
5843,Student_5843,67,56
5844,Student_5844,60,88
5845,Student_5845,89,92
5846,Student_5846,54,70
5847,Student_5847,54,63
5848,Student_5848,69,65
5849,Student_5849,54,65
5850,Student_5850,72,70
5851,Student_5851,77,56
5852,Student_5852,97,84
5853,Student_5853,60,89
5854,Student_5854,89,66
5855,Student_5855,78,56
5856,Student_5856,94,66
5857,Student_5857,99,71
5858,Student_5858,77,86
5859,Student_5859,83,58
5860,Student_5860,99,52
5861,Student_5861,78,77
5862,Student_5862,76,59
5863,Student_5863,50,96
5864,Student_5864,73,90
5865,Student_5865,85,60
5866,Student_5866,55,79
5867,Student_5867,100,98
5868,Student_5868,54,67
5869,Student_5869,71,84
5870,Student_5870,65,70
5871,Student_5871,78,77
5872,Student_5872,67,59
5873,Student_5873,74,54
5874,Student_5874,91,56
5875,Student_5875,78,74
5876,Student_5876,74,56
5877,Student_5877,76,71
5878,Student_5878,100,67
5879,Student_5879,90,80
5880,Student_5880,61,52
5881,Student_5881,55,84
5882,Student_5882,57,99
5883,Student_5883,57,78
5884,Student_5884,64,63
5885,Student_5885,73,75
5886,Student_5886,92,76
5887,Student_5887,84,51
5888,Student_5888,83,67
5889,Student_5889,52,97
5890,Student_5890,59,95
5891,Student_5891,80,58
5892,Student_5892,57,96
5893,Student_5893,100,51
5894,Student_5894,67,94
5895,Student_5895,76,91
5896,Student_5896,74,75
5897,Student_5897,58,55
5898,Student_5898,57,53
5899,Student_5899,95,66
5900,Student_5900,66,91
5901,Student_5901,75,61
5902,Student_5902,74,85
5903,Student_5903,91,55
5904,Student_5904,98,72
5905,Student_5905,92,97
5906,Student_5906,86,62
5907,Student_5907,85,68
5908,Student_5908,94,53
5909,Student_5909,72,95
5910,Student_5910,84,90
5911,Student_5911,85,82
5912,Student_5912,88,72
5913,Student_5913,71,81
5914,Student_5914,76,94
5915,Student_5915,93,99
5916,Student_5916,98,72
5917,Student_5917,80,55
5918,Student_5918,61,61
5919,Student_5919,54,51
5920,Student_5920,86,86
5921,Student_5921,74,98
5922,Student_5922,84,62
5923,Student_5923,71,51
5924,Student_5924,55,63
5925,Student_5925,67,70
5926,Student_5926,69,50
5927,Student_5927,98,61
5928,Student_5928,80,74
5929,Student_5929,70,57
5930,Student_5930,72,78
5931,Student_5931,82,60
5932,Student_5932,84,93
5933,Student_5933,85,73
5934,Student_5934,72,58
5935,Student_5935,98,65
5936,Student_5936,56,65
5937,Student_5937,77,77
5938,Student_5938,52,64
5939,Student_5939,73,62
5940,Student_5940,86,89
5941,Student_5941,93,77
5942,Student_5942,62,69
5943,Student_5943,96,64
5944,Student_5944,71,71
5945,Student_5945,95,57
5946,Student_5946,94,50
5947,Student_5947,63,70
5948,Student_5948,60,82
5949,Student_5949,63,88
5950,Student_5950,86,72
5951,Student_5951,61,80
5952,Student_5952,76,58
5953,Student_5953,77,76
5954,Student_5954,74,79
5955,Student_5955,59,94
5956,Student_5956,96,88
5957,Student_5957,71,71
5958,Student_5958,56,95
5959,Student_5959,65,61
5960,Student_5960,53,67
5961,Student_5961,89,62
5962,Student_5962,63,54
5963,Student_5963,51,97
5964,Student_5964,56,98
5965,Student_5965,85,65
5966,Student_5966,97,56
5967,Student_5967,81,79
5968,Student_5968,73,73
5969,Student_5969,81,51
5970,Student_5970,86,70
5971,Student_5971,92,55
5972,Student_5972,83,92
5973,Student_5973,77,87
5974,Student_5974,99,74
5975,Student_5975,59,80
5976,Student_5976,87,99
5977,Student_5977,62,78
5978,Student_5978,62,93
5979,Student_5979,63,78
5980,Student_5980,69,88
5981,Student_5981,68,53
5982,Student_5982,87,63
5983,Student_5983,59,82
5984,Student_5984,81,58
5985,Student_5985,52,55
5986,Student_5986,74,52
5987,Student_5987,92,62
5988,Student_5988,73,51
5989,Student_5989,76,63
5990,Student_5990,53,86
5991,Student_5991,74,63
5992,Student_5992,56,53
5993,Student_5993,80,55
5994,Student_5994,89,88
5995,Student_5995,66,67
5996,Student_5996,53,60
5997,Student_5997,83,99
5998,Student_5998,63,73
5999,Student_5999,59,75
6000,Student_6000,75,78
6001,Student_6001,82,55
6002,Student_6002,58,67
6003,Student_6003,50,54
6004,Student_6004,91,93
6005,Student_6005,57,72
6006,Student_6006,75,98
6007,Student_6007,79,91
6008,Student_6008,73,62
6009,Student_6009,67,68
6010,Student_6010,64,80
6011,Student_6011,79,61
6012,Student_6012,79,65
6013,Student_6013,93,100
6014,Student_6014,82,57
6015,Student_6015,83,51
6016,Student_6016,100,67
6017,Student_6017,100,84
6018,Student_6018,86,87
6019,Student_6019,88,86
6020,Student_6020,70,96
6021,Student_6021,76,82
6022,Student_6022,73,95
6023,Student_6023,73,98
6024,Student_6024,60,65
6025,Student_6025,84,92
6026,Student_6026,72,95
6027,Student_6027,55,56
6028,Student_6028,81,85
6029,Student_6029,99,96
6030,Student_6030,73,62
6031,Student_6031,81,84
6032,Student_6032,61,57
6033,Student_6033,72,75
6034,Student_6034,58,77
6035,Student_6035,92,74
6036,Student_6036,78,84
6037,Student_6037,72,95
6038,Student_6038,56,97
6039,Student_6039,98,53
6040,Student_6040,78,79
6041,Student_6041,62,50
6042,Student_6042,53,84
6043,Student_6043,88,51
6044,Student_6044,86,96
6045,Student_6045,60,83
6046,Student_6046,55,88
6047,Student_6047,54,52
6048,Student_6048,61,90
6049,Student_6049,66,85
6050,Student_6050,84,90
6051,Student_6051,81,91
6052,Student_6052,60,56
6053,Student_6053,64,57
6054,Student_6054,50,77
6055,Student_6055,64,58
6056,Student_6056,61,94
6057,Student_6057,52,75
6058,Student_6058,100,96
6059,Student_6059,83,82
6060,Student_6060,71,59
6061,Student_6061,92,91
6062,Student_6062,54,56
6063,Student_6063,76,52
6064,Student_6064,82,87
6065,Student_6065,76,93
6066,Student_6066,53,95
6067,Student_6067,83,73
6068,Student_6068,60,80
6069,Student_6069,53,63
6070,Student_6070,76,85
6071,Student_6071,70,75
6072,Student_6072,67,60
6073,Student_6073,84,87
6074,Student_6074,98,54
6075,Student_6075,80,95
6076,Student_6076,57,70
6077,Student_6077,94,62
6078,Student_6078,83,80
6079,Student_6079,100,100
6080,Student_6080,84,76
6081,Student_6081,97,97
6082,Student_6082,50,79
6083,Student_6083,56,77
6084,Student_6084,62,85
6085,Student_6085,87,52
6086,Student_6086,70,100
6087,Student_6087,84,69
6088,Student_6088,62,61
6089,Student_6089,98,89
6090,Student_6090,52,77
6091,Student_6091,52,100
6092,Student_6092,95,79
6093,Student_6093,59,57
6094,Student_6094,78,65
6095,Student_6095,81,61
6096,Student_6096,100,88
6097,Student_6097,51,94
6098,Student_6098,59,75
6099,Student_6099,60,93
6100,Student_6100,91,90
6101,Student_6101,54,81
6102,Student_6102,76,93
6103,Student_6103,52,100
6104,Student_6104,72,60
6105,Student_6105,93,75
6106,Student_6106,78,84
6107,Student_6107,53,74
6108,Student_6108,78,60
6109,Student_6109,77,63
6110,Student_6110,83,92
6111,Student_6111,90,88
6112,Student_6112,66,72
6113,Student_6113,61,51
6114,Student_6114,99,89
6115,Student_6115,87,50
6116,Student_6116,54,87
6117,Student_6117,55,62
6118,Student_6118,93,63
6119,Student_6119,74,70
6120,Student_6120,67,57
6121,Student_6121,86,53
6122,Student_6122,51,66
6123,Student_6123,71,96
6124,Student_6124,78,98
6125,Student_6125,62,51
6126,Student_6126,98,50
6127,Student_6127,54,82
6128,Student_6128,60,93
6129,Student_6129,99,69
6130,Student_6130,53,50
6131,Student_6131,50,99
6132,Student_6132,79,54
6133,Student_6133,83,57
6134,Student_6134,74,91
6135,Student_6135,85,82
6136,Student_6136,70,72
6137,Student_6137,61,85
6138,Student_6138,55,52
6139,Student_6139,83,61
6140,Student_6140,98,76
6141,Student_6141,51,65
6142,Student_6142,85,82
6143,Student_6143,89,85
6144,Student_6144,66,78
6145,Student_6145,82,60
6146,Student_6146,83,57
6147,Student_6147,79,90
6148,Student_6148,92,65
6149,Student_6149,70,63
6150,Student_6150,53,53
6151,Student_6151,88,75
6152,Student_6152,69,67
6153,Student_6153,60,89
6154,Student_6154,91,90
6155,Student_6155,87,69
6156,Student_6156,79,60
6157,Student_6157,83,62
6158,Student_6158,56,60
6159,Student_6159,81,51
6160,Student_6160,56,64
6161,Student_6161,85,52
6162,Student_6162,52,55
6163,Student_6163,71,90
6164,Student_6164,93,68
6165,Student_6165,85,55
6166,Student_6166,60,73
6167,Student_6167,79,74
6168,Student_6168,97,56
6169,Student_6169,83,68
6170,Student_6170,57,100
6171,Student_6171,58,71
6172,Student_6172,99,57
6173,Student_6173,58,84
6174,Student_6174,77,93
6175,Student_6175,67,77
6176,Student_6176,54,51
6177,Student_6177,81,58
6178,Student_6178,68,59
6179,Student_6179,98,84
6180,Student_6180,80,63
6181,Student_6181,56,54
6182,Student_6182,97,81
6183,Student_6183,86,86
6184,Student_6184,52,65
6185,Student_6185,90,73
6186,Student_6186,92,60
6187,Student_6187,95,100
6188,Student_6188,71,76
6189,Student_6189,68,56
6190,Student_6190,52,79
6191,Student_6191,59,75
6192,Student_6192,89,89
6193,Student_6193,79,78
6194,Student_6194,89,60
6195,Student_6195,67,69
6196,Student_6196,79,84
6197,Student_6197,88,79
6198,Student_6198,60,71
6199,Student_6199,83,61
6200,Student_6200,90,71
6201,Student_6201,99,79
6202,Student_6202,83,64
6203,Student_6203,76,57
6204,Student_6204,52,54
6205,Student_6205,83,56
6206,Student_6206,65,80
6207,Student_6207,88,80
6208,Student_6208,98,74
6209,Student_6209,85,89
6210,Student_6210,50,59
6211,Student_6211,94,58
6212,Student_6212,93,82
6213,Student_6213,99,83
6214,Student_6214,79,67
6215,Student_6215,70,75
6216,Student_6216,65,91
6217,Student_6217,81,97
6218,Student_6218,61,69
6219,Student_6219,60,56
6220,Student_6220,79,74
6221,Student_6221,57,52
6222,Student_6222,82,65
6223,Student_6223,64,63
6224,Student_6224,100,92
6225,Student_6225,86,53
6226,Student_6226,53,71
6227,Student_6227,86,68
6228,Student_6228,58,57
6229,Student_6229,93,70
6230,Student_6230,77,74
6231,Student_6231,53,50
6232,Student_6232,82,64
6233,Student_6233,96,82
6234,Student_6234,95,89
6235,Student_6235,74,79
6236,Student_6236,52,72
6237,Student_6237,68,72
6238,Student_6238,94,82
6239,Student_6239,81,94
6240,Student_6240,64,97
6241,Student_6241,68,91
6242,Student_6242,50,88
6243,Student_6243,100,81
6244,Student_6244,80,67
6245,Student_6245,92,97
6246,Student_6246,69,99
6247,Student_6247,92,67
6248,Student_6248,63,98
6249,Student_6249,68,51
6250,Student_6250,95,77
6251,Student_6251,84,100
6252,Student_6252,78,85
6253,Student_6253,93,68
6254,Student_6254,74,58
6255,Student_6255,68,64
6256,Student_6256,70,84
6257,Student_6257,51,50
6258,Student_6258,63,88
6259,Student_6259,56,87
6260,Student_6260,87,57
6261,Student_6261,78,94
6262,Student_6262,75,70
6263,Student_6263,58,53
6264,Student_6264,60,94
6265,Student_6265,67,67
6266,Student_6266,83,95
6267,Student_6267,63,80
6268,Student_6268,74,73
6269,Student_6269,86,71
6270,Student_6270,51,63
6271,Student_6271,88,68
6272,Student_6272,91,59
6273,Student_6273,96,82
6274,Student_6274,57,73
6275,Student_6275,76,83
6276,Student_6276,73,62
6277,Student_6277,86,87
6278,Student_6278,89,87
6279,Student_6279,70,100
6280,Student_6280,78,70
6281,Student_6281,59,100
6282,Student_6282,66,79
6283,Student_6283,79,90
6284,Student_6284,100,92
6285,Student_6285,63,69
6286,Student_6286,76,58
6287,Student_6287,91,61
6288,Student_6288,55,80
6289,Student_6289,63,80
6290,Student_6290,61,50
6291,Student_6291,68,57
6292,Student_6292,53,75
6293,Student_6293,97,73
6294,Student_6294,77,68
6295,Student_6295,59,61
6296,Student_6296,83,61
6297,Student_6297,56,73
6298,Student_6298,86,87
6299,Student_6299,71,59
6300,Student_6300,52,88
6301,Student_6301,65,74
6302,Student_6302,70,63
6303,Student_6303,73,79
6304,Student_6304,75,62
6305,Student_6305,99,61
6306,Student_6306,96,60
6307,Student_6307,61,100
6308,Student_6308,98,63
6309,Student_6309,77,83
6310,Student_6310,56,82
6311,Student_6311,89,84
6312,Student_6312,62,91
6313,Student_6313,91,99
6314,Student_6314,84,79
6315,Student_6315,90,63
6316,Student_6316,75,83
6317,Student_6317,66,76
6318,Student_6318,87,81
6319,Student_6319,85,71
6320,Student_6320,78,64
6321,Student_6321,66,77
6322,Student_6322,71,71
6323,Student_6323,52,68
6324,Student_6324,71,65
6325,Student_6325,78,68
6326,Student_6326,79,67
6327,Student_6327,73,52
6328,Student_6328,52,64
6329,Student_6329,86,82
6330,Student_6330,57,95
6331,Student_6331,78,80
6332,Student_6332,84,93
6333,Student_6333,92,57
6334,Student_6334,73,65
6335,Student_6335,100,91
6336,Student_6336,70,68
6337,Student_6337,73,95
6338,Student_6338,66,78
6339,Student_6339,93,85
6340,Student_6340,55,69
6341,Student_6341,89,71
6342,Student_6342,84,80
6343,Student_6343,95,87
6344,Student_6344,87,86
6345,Student_6345,93,55
6346,Student_6346,57,90
6347,Student_6347,93,97
6348,Student_6348,63,54
6349,Student_6349,88,74
6350,Student_6350,70,97
6351,Student_6351,88,81
6352,Student_6352,87,75
6353,Student_6353,70,98
6354,Student_6354,86,92
6355,Student_6355,55,64
6356,Student_6356,59,63
6357,Student_6357,59,68
6358,Student_6358,85,58
6359,Student_6359,90,88
6360,Student_6360,63,86
6361,Student_6361,70,96
6362,Student_6362,94,57
6363,Student_6363,81,54
6364,Student_6364,53,94
6365,Student_6365,50,62
6366,Student_6366,55,65
6367,Student_6367,55,70
6368,Student_6368,79,69
6369,Student_6369,70,86
6370,Student_6370,61,63
6371,Student_6371,59,89
6372,Student_6372,70,83
6373,Student_6373,67,70
6374,Student_6374,55,99
6375,Student_6375,54,93
6376,Student_6376,75,84
6377,Student_6377,70,68
6378,Student_6378,55,52
6379,Student_6379,70,92
6380,Student_6380,81,66
6381,Student_6381,65,94
6382,Student_6382,76,86
6383,Student_6383,81,90
6384,Student_6384,52,92
6385,Student_6385,85,58
6386,Student_6386,89,51
6387,Student_6387,78,51
6388,Student_6388,53,51
6389,Student_6389,97,63
6390,Student_6390,52,93
6391,Student_6391,95,86
6392,Student_6392,55,100
6393,Student_6393,84,51
6394,Student_6394,75,52
6395,Student_6395,71,76
6396,Student_6396,51,77
6397,Student_6397,94,83
6398,Student_6398,58,84
6399,Student_6399,99,63
6400,Student_6400,93,75
6401,Student_6401,69,95
6402,Student_6402,83,79
6403,Student_6403,75,91
6404,Student_6404,67,63
6405,Student_6405,60,50
6406,Student_6406,70,91
6407,Student_6407,70,93
6408,Student_6408,65,55
6409,Student_6409,88,80
6410,Student_6410,58,87
6411,Student_6411,51,57
6412,Student_6412,64,71
6413,Student_6413,68,89
6414,Student_6414,77,62
6415,Student_6415,87,57
6416,Student_6416,77,54
6417,Student_6417,82,68
6418,Student_6418,92,65
6419,Student_6419,71,69
6420,Student_6420,90,95
6421,Student_6421,84,82
6422,Student_6422,57,54
6423,Student_6423,65,97
6424,Student_6424,77,62
6425,Student_6425,67,60
6426,Student_6426,72,60
6427,Student_6427,90,87
6428,Student_6428,83,91
6429,Student_6429,87,79
6430,Student_6430,73,90
6431,Student_6431,67,92
6432,Student_6432,58,50
6433,Student_6433,78,96
6434,Student_6434,55,77
6435,Student_6435,81,60
6436,Student_6436,77,69
6437,Student_6437,93,87
6438,Student_6438,87,96
6439,Student_6439,75,96
6440,Student_6440,83,55
6441,Student_6441,86,88
6442,Student_6442,56,64
6443,Student_6443,50,59
6444,Student_6444,52,80
6445,Student_6445,86,70
6446,Student_6446,98,82
6447,Student_6447,95,86
6448,Student_6448,80,71
6449,Student_6449,58,51
6450,Student_6450,71,83
6451,Student_6451,62,100
6452,Student_6452,86,73
6453,Student_6453,68,71
6454,Student_6454,82,70
6455,Student_6455,70,83
6456,Student_6456,57,98
6457,Student_6457,70,78
6458,Student_6458,84,56
6459,Student_6459,59,82
6460,Student_6460,64,50
6461,Student_6461,94,89
6462,Student_6462,60,59
6463,Student_6463,62,79
6464,Student_6464,53,63
6465,Student_6465,82,55
6466,Student_6466,66,55
6467,Student_6467,91,68
6468,Student_6468,65,55
6469,Student_6469,96,100
6470,Student_6470,64,67
6471,Student_6471,72,59
6472,Student_6472,61,88
6473,Student_6473,56,68
6474,Student_6474,88,57
6475,Student_6475,87,59
6476,Student_6476,52,90
6477,Student_6477,64,73
6478,Student_6478,61,58
6479,Student_6479,71,63
6480,Student_6480,92,83
6481,Student_6481,75,95
6482,Student_6482,75,66
6483,Student_6483,50,70
6484,Student_6484,81,76
6485,Student_6485,68,79
6486,Student_6486,77,100
6487,Student_6487,85,95
6488,Student_6488,95,91
6489,Student_6489,57,69
6490,Student_6490,52,96
6491,Student_6491,61,62
6492,Student_6492,57,95
6493,Student_6493,74,74
6494,Student_6494,98,56
6495,Student_6495,86,83
6496,Student_6496,64,78
6497,Student_6497,68,63
6498,Student_6498,65,83
6499,Student_6499,54,58
6500,Student_6500,63,70
6501,Student_6501,71,86
6502,Student_6502,53,76
6503,Student_6503,71,92
6504,Student_6504,99,58
6505,Student_6505,55,86
6506,Student_6506,50,91
6507,Student_6507,53,69
6508,Student_6508,97,51
6509,Student_6509,88,54
6510,Student_6510,54,82
6511,Student_6511,97,53
6512,Student_6512,92,92
6513,Student_6513,85,54
6514,Student_6514,80,84
6515,Student_6515,76,96
6516,Student_6516,67,69
6517,Student_6517,75,71
6518,Student_6518,86,67
6519,Student_6519,80,75
6520,Student_6520,56,83
6521,Student_6521,82,63
6522,Student_6522,79,53
6523,Student_6523,70,61
6524,Student_6524,60,50
6525,Student_6525,81,96
6526,Student_6526,63,93
6527,Student_6527,64,58
6528,Student_6528,75,70
6529,Student_6529,69,93
6530,Student_6530,64,51
6531,Student_6531,94,96
6532,Student_6532,95,62
6533,Student_6533,94,86
6534,Student_6534,78,71
6535,Student_6535,72,67
6536,Student_6536,64,52
6537,Student_6537,58,77
6538,Student_6538,97,96
6539,Student_6539,64,89
6540,Student_6540,87,100
6541,Student_6541,52,91
6542,Student_6542,78,70
6543,Student_6543,89,77
6544,Student_6544,56,55
6545,Student_6545,82,91
6546,Student_6546,62,81
6547,Student_6547,83,77
6548,Student_6548,99,89
6549,Student_6549,88,83
6550,Student_6550,84,78
6551,Student_6551,56,65
6552,Student_6552,60,74
6553,Student_6553,83,79
6554,Student_6554,70,84
6555,Student_6555,55,73
6556,Student_6556,77,67
6557,Student_6557,68,53
6558,Student_6558,53,50
6559,Student_6559,89,95
6560,Student_6560,95,81
6561,Student_6561,57,67
6562,Student_6562,75,50
6563,Student_6563,83,81
6564,Student_6564,53,90
6565,Student_6565,70,73
6566,Student_6566,66,83
6567,Student_6567,67,58
6568,Student_6568,91,81
6569,Student_6569,50,52
6570,Student_6570,70,79
6571,Student_6571,86,56
6572,Student_6572,62,92
6573,Student_6573,66,60
6574,Student_6574,70,73
6575,Student_6575,64,74
6576,Student_6576,100,77
6577,Student_6577,83,50
6578,Student_6578,55,55
6579,Student_6579,77,73
6580,Student_6580,78,93
6581,Student_6581,66,79
6582,Student_6582,79,55
6583,Student_6583,76,83
6584,Student_6584,87,78
6585,Student_6585,80,64
6586,Student_6586,66,92
6587,Student_6587,75,56
6588,Student_6588,61,99
6589,Student_6589,99,90
6590,Student_6590,50,65
6591,Student_6591,84,65
6592,Student_6592,82,89
6593,Student_6593,63,83
6594,Student_6594,56,69
6595,Student_6595,95,73
6596,Student_6596,78,85
6597,Student_6597,85,89
6598,Student_6598,58,65
6599,Student_6599,80,91
6600,Student_6600,51,66
6601,Student_6601,76,74
6602,Student_6602,81,56
6603,Student_6603,61,62
6604,Student_6604,71,56
6605,Student_6605,69,52
6606,Student_6606,73,77
6607,Student_6607,51,59
6608,Student_6608,55,52
6609,Student_6609,98,58
6610,Student_6610,92,70
6611,Student_6611,57,90
6612,Student_6612,52,82
6613,Student_6613,72,71
6614,Student_6614,97,66
6615,Student_6615,88,61
6616,Student_6616,64,79
6617,Student_6617,88,50
6618,Student_6618,52,73
6619,Student_6619,65,95
6620,Student_6620,79,97
6621,Student_6621,56,77
6622,Student_6622,99,72
6623,Student_6623,99,50
6624,Student_6624,50,78
6625,Student_6625,95,77
6626,Student_6626,53,62
6627,Student_6627,78,91
6628,Student_6628,79,54
6629,Student_6629,58,73
6630,Student_6630,63,79
6631,Student_6631,60,92
6632,Student_6632,61,69
6633,Student_6633,95,75
6634,Student_6634,66,100
6635,Student_6635,97,85
6636,Student_6636,95,55
6637,Student_6637,97,98
6638,Student_6638,51,64
6639,Student_6639,78,52
6640,Student_6640,87,97
6641,Student_6641,55,96
6642,Student_6642,94,73
6643,Student_6643,81,100
6644,Student_6644,72,79
6645,Student_6645,75,90
6646,Student_6646,96,53
6647,Student_6647,77,64
6648,Student_6648,94,86
6649,Student_6649,66,87
6650,Student_6650,71,68
6651,Student_6651,75,85
6652,Student_6652,62,80
6653,Student_6653,93,97
6654,Student_6654,98,92
6655,Student_6655,50,69
6656,Student_6656,60,85
6657,Student_6657,84,72
6658,Student_6658,97,58
6659,Student_6659,85,77
6660,Student_6660,97,86
6661,Student_6661,89,100
6662,Student_6662,72,75
6663,Student_6663,56,77
6664,Student_6664,94,88
6665,Student_6665,96,91
6666,Student_6666,75,63
6667,Student_6667,72,51
6668,Student_6668,84,94
6669,Student_6669,97,79
6670,Student_6670,70,58
6671,Student_6671,67,98
6672,Student_6672,56,74
6673,Student_6673,88,96
6674,Student_6674,96,70
6675,Student_6675,63,73
6676,Student_6676,92,77
6677,Student_6677,70,95
6678,Student_6678,86,67
6679,Student_6679,82,61
6680,Student_6680,96,53
6681,Student_6681,74,95
6682,Student_6682,79,77
6683,Student_6683,69,90
6684,Student_6684,91,87
6685,Student_6685,95,70
6686,Student_6686,58,65
6687,Student_6687,62,88
6688,Student_6688,91,100
6689,Student_6689,73,81
6690,Student_6690,54,55
6691,Student_6691,53,96
6692,Student_6692,80,69
6693,Student_6693,70,56
6694,Student_6694,87,57
6695,Student_6695,59,93
6696,Student_6696,69,67
6697,Student_6697,90,61
6698,Student_6698,89,92
6699,Student_6699,84,51
6700,Student_6700,83,78
6701,Student_6701,90,65
6702,Student_6702,92,85
6703,Student_6703,72,53
6704,Student_6704,98,92
6705,Student_6705,93,84
6706,Student_6706,95,91
6707,Student_6707,98,60
6708,Student_6708,71,62
6709,Student_6709,85,73
6710,Student_6710,68,79
6711,Student_6711,74,64
6712,Student_6712,69,52
6713,Student_6713,93,70
6714,Student_6714,94,54
6715,Student_6715,55,95
6716,Student_6716,82,70
6717,Student_6717,60,53
6718,Student_6718,89,95
6719,Student_6719,52,66
6720,Student_6720,54,98
6721,Student_6721,94,96
6722,Student_6722,54,65
6723,Student_6723,91,94
6724,Student_6724,71,97
6725,Student_6725,96,93
6726,Student_6726,59,92
6727,Student_6727,66,92
6728,Student_6728,54,78
6729,Student_6729,66,80
6730,Student_6730,93,82
6731,Student_6731,91,92
6732,Student_6732,68,74
6733,Student_6733,63,57
6734,Student_6734,94,80
6735,Student_6735,64,76
6736,Student_6736,89,54
6737,Student_6737,94,88
6738,Student_6738,82,87
6739,Student_6739,55,65
6740,Student_6740,59,82
6741,Student_6741,57,67
6742,Student_6742,78,100
6743,Student_6743,96,63
6744,Student_6744,52,76
6745,Student_6745,79,91
6746,Student_6746,67,92
6747,Student_6747,98,75
6748,Student_6748,57,64
6749,Student_6749,84,82
6750,Student_6750,99,63
6751,Student_6751,52,70
6752,Student_6752,81,67
6753,Student_6753,82,59
6754,Student_6754,98,51
6755,Student_6755,50,100
6756,Student_6756,93,50
6757,Student_6757,67,90
6758,Student_6758,51,80
6759,Student_6759,68,99
6760,Student_6760,98,70
6761,Student_6761,87,66
6762,Student_6762,80,59
6763,Student_6763,93,60
6764,Student_6764,51,72
6765,Student_6765,58,57
6766,Student_6766,94,61
6767,Student_6767,87,73
6768,Student_6768,96,52
6769,Student_6769,51,94
6770,Student_6770,71,84
6771,Student_6771,86,59
6772,Student_6772,57,93
6773,Student_6773,79,96
6774,Student_6774,58,51
6775,Student_6775,70,56
6776,Student_6776,77,64
6777,Student_6777,64,100
6778,Student_6778,57,59
6779,Student_6779,56,91
6780,Student_6780,60,69
6781,Student_6781,79,60
6782,Student_6782,76,80
6783,Student_6783,86,81
6784,Student_6784,69,61
6785,Student_6785,81,87
6786,Student_6786,62,66
6787,Student_6787,92,96
6788,Student_6788,63,59
6789,Student_6789,89,51
6790,Student_6790,56,88
6791,Student_6791,71,53
6792,Student_6792,59,50
6793,Student_6793,51,99
6794,Student_6794,82,75
6795,Student_6795,59,82
6796,Student_6796,61,98
6797,Student_6797,50,65
6798,Student_6798,99,61
6799,Student_6799,61,99
6800,Student_6800,63,99
6801,Student_6801,97,53
6802,Student_6802,78,71
6803,Student_6803,70,86
6804,Student_6804,64,68
6805,Student_6805,97,53
6806,Student_6806,58,68
6807,Student_6807,90,80
6808,Student_6808,84,78
6809,Student_6809,63,70
6810,Student_6810,99,55
6811,Student_6811,91,79
6812,Student_6812,98,94
6813,Student_6813,93,96
6814,Student_6814,97,81
6815,Student_6815,54,80
6816,Student_6816,53,63
6817,Student_6817,88,63
6818,Student_6818,64,63
6819,Student_6819,85,54
6820,Student_6820,81,91
6821,Student_6821,53,75
6822,Student_6822,95,92
6823,Student_6823,98,87
6824,Student_6824,88,83
6825,Student_6825,74,59
6826,Student_6826,68,100
6827,Student_6827,92,79
6828,Student_6828,99,57
6829,Student_6829,92,73
6830,Student_6830,70,56
6831,Student_6831,57,55
6832,Student_6832,74,62
6833,Student_6833,67,84
6834,Student_6834,91,95
6835,Student_6835,91,54
6836,Student_6836,88,99
6837,Student_6837,52,73
6838,Student_6838,82,83
6839,Student_6839,59,68
6840,Student_6840,55,86
6841,Student_6841,100,89
6842,Student_6842,98,78
6843,Student_6843,88,91
6844,Student_6844,81,94
6845,Student_6845,72,96
6846,Student_6846,53,78
6847,Student_6847,62,77
6848,Student_6848,92,54
6849,Student_6849,86,93
6850,Student_6850,91,62
6851,Student_6851,79,77
6852,Student_6852,82,79
6853,Student_6853,73,76
6854,Student_6854,61,53
6855,Student_6855,93,71
6856,Student_6856,73,57
6857,Student_6857,96,53
6858,Student_6858,60,91
6859,Student_6859,71,88
6860,Student_6860,87,77
6861,Student_6861,56,95
6862,Student_6862,81,73
6863,Student_6863,75,89
6864,Student_6864,86,98
6865,Student_6865,80,53
6866,Student_6866,79,64
6867,Student_6867,70,63
6868,Student_6868,80,97
6869,Student_6869,92,82
6870,Student_6870,51,87
6871,Student_6871,52,75
6872,Student_6872,59,58
6873,Student_6873,64,84
6874,Student_6874,72,67
6875,Student_6875,89,51
6876,Student_6876,96,56
6877,Student_6877,51,81
6878,Student_6878,98,57
6879,Student_6879,99,61
6880,Student_6880,92,76
6881,Student_6881,51,68
6882,Student_6882,87,88
6883,Student_6883,69,79
6884,Student_6884,55,93
6885,Student_6885,94,93
6886,Student_6886,89,94
6887,Student_6887,57,78
6888,Student_6888,86,84
6889,Student_6889,94,69
6890,Student_6890,61,85
6891,Student_6891,51,77
6892,Student_6892,50,90
6893,Student_6893,75,57
6894,Student_6894,81,72
6895,Student_6895,86,92
6896,Student_6896,81,79
6897,Student_6897,57,55
6898,Student_6898,77,54
6899,Student_6899,91,92
6900,Student_6900,52,62
6901,Student_6901,71,89
6902,Student_6902,73,83
6903,Student_6903,85,89
6904,Student_6904,79,84
6905,Student_6905,77,95
6906,Student_6906,84,60
6907,Student_6907,58,79
6908,Student_6908,57,69
6909,Student_6909,68,90
6910,Student_6910,79,95
6911,Student_6911,54,81
6912,Student_6912,99,73
6913,Student_6913,72,51
6914,Student_6914,73,54
6915,Student_6915,82,83
6916,Student_6916,84,57
6917,Student_6917,95,83
6918,Student_6918,64,59
6919,Student_6919,72,87
6920,Student_6920,100,61
6921,Student_6921,79,56
6922,Student_6922,55,66
6923,Student_6923,86,84
6924,Student_6924,89,65
6925,Student_6925,62,100
6926,Student_6926,68,56
6927,Student_6927,78,87
6928,Student_6928,50,97
6929,Student_6929,86,85
6930,Student_6930,83,77
6931,Student_6931,64,51
6932,Student_6932,54,57
6933,Student_6933,94,56
6934,Student_6934,73,72
6935,Student_6935,60,77
6936,Student_6936,80,54
6937,Student_6937,74,59
6938,Student_6938,61,78
6939,Student_6939,61,67
6940,Student_6940,54,100
6941,Student_6941,62,59
6942,Student_6942,64,70
6943,Student_6943,99,87
6944,Student_6944,61,97
6945,Student_6945,50,56
6946,Student_6946,65,95
6947,Student_6947,84,65
6948,Student_6948,78,97
6949,Student_6949,72,76
6950,Student_6950,55,75
6951,Student_6951,71,100
6952,Student_6952,51,59
6953,Student_6953,64,62
6954,Student_6954,93,69
6955,Student_6955,81,58
6956,Student_6956,67,56
6957,Student_6957,77,78
6958,Student_6958,55,97
6959,Student_6959,66,58
6960,Student_6960,89,99
6961,Student_6961,100,99
6962,Student_6962,76,60
6963,Student_6963,98,51
6964,Student_6964,71,100
6965,Student_6965,97,53
6966,Student_6966,80,87
6967,Student_6967,67,79
6968,Student_6968,84,84
6969,Student_6969,82,76
6970,Student_6970,78,88
6971,Student_6971,67,96
6972,Student_6972,56,58
6973,Student_6973,54,85
6974,Student_6974,71,78
6975,Student_6975,91,96
6976,Student_6976,52,70
6977,Student_6977,70,99
6978,Student_6978,63,78
6979,Student_6979,60,54
6980,Student_6980,89,57
6981,Student_6981,81,85
6982,Student_6982,90,51
6983,Student_6983,57,83
6984,Student_6984,91,86
6985,Student_6985,92,84
6986,Student_6986,84,88
6987,Student_6987,51,98
6988,Student_6988,98,80
6989,Student_6989,88,78
6990,Student_6990,72,59
6991,Student_6991,84,83
6992,Student_6992,69,80
6993,Student_6993,91,99
6994,Student_6994,74,79
6995,Student_6995,62,54
6996,Student_6996,89,63
6997,Student_6997,74,76
6998,Student_6998,60,96
6999,Student_6999,89,64
7000,Student_7000,59,50
7001,Student_7001,72,58
7002,Student_7002,55,94
7003,Student_7003,95,97
7004,Student_7004,58,75
7005,Student_7005,78,85
7006,Student_7006,64,85
7007,Student_7007,97,68
7008,Student_7008,80,60
7009,Student_7009,96,76
7010,Student_7010,65,92
7011,Student_7011,88,66
7012,Student_7012,84,57
7013,Student_7013,100,82
7014,Student_7014,86,51
7015,Student_7015,79,84
7016,Student_7016,59,88
7017,Student_7017,92,66
7018,Student_7018,61,77
7019,Student_7019,89,73
7020,Student_7020,60,95
7021,Student_7021,72,73
7022,Student_7022,96,75
7023,Student_7023,60,64
7024,Student_7024,59,50
7025,Student_7025,62,93
7026,Student_7026,82,55
7027,Student_7027,81,77
7028,Student_7028,93,100
7029,Student_7029,79,97
7030,Student_7030,55,88
7031,Student_7031,81,60
7032,Student_7032,59,50
7033,Student_7033,87,99
7034,Student_7034,56,62
7035,Student_7035,57,59
7036,Student_7036,81,99
7037,Student_7037,63,85
7038,Student_7038,64,78
7039,Student_7039,53,56
7040,Student_7040,97,94
7041,Student_7041,90,95
7042,Student_7042,77,63
7043,Student_7043,88,79
7044,Student_7044,52,99
7045,Student_7045,50,78
7046,Student_7046,89,68
7047,Student_7047,96,100
7048,Student_7048,65,74
7049,Student_7049,76,66
7050,Student_7050,66,55
7051,Student_7051,64,75
7052,Student_7052,96,56
7053,Student_7053,60,50
7054,Student_7054,93,72
7055,Student_7055,52,79
7056,Student_7056,78,70
7057,Student_7057,83,69
7058,Student_7058,51,52
7059,Student_7059,56,50
7060,Student_7060,99,96
7061,Student_7061,64,98
7062,Student_7062,51,58
7063,Student_7063,96,73
7064,Student_7064,98,56
7065,Student_7065,70,58
7066,Student_7066,61,59
7067,Student_7067,89,84
7068,Student_7068,91,54
7069,Student_7069,73,88
7070,Student_7070,96,54
7071,Student_7071,84,58
7072,Student_7072,99,54
7073,Student_7073,100,93
7074,Student_7074,72,80
7075,Student_7075,77,80
7076,Student_7076,66,81
7077,Student_7077,87,100
7078,Student_7078,63,99
7079,Student_7079,91,93
7080,Student_7080,63,67
7081,Student_7081,80,99
7082,Student_7082,82,90
7083,Student_7083,93,59
7084,Student_7084,70,85
7085,Student_7085,75,78
7086,Student_7086,79,62
7087,Student_7087,96,93
7088,Student_7088,54,61
7089,Student_7089,53,62
7090,Student_7090,50,70
7091,Student_7091,93,69
7092,Student_7092,51,61
7093,Student_7093,88,80
7094,Student_7094,60,60
7095,Student_7095,65,69
7096,Student_7096,53,65
7097,Student_7097,81,82
7098,Student_7098,91,69
7099,Student_7099,70,85
7100,Student_7100,94,61
7101,Student_7101,55,54
7102,Student_7102,84,78
7103,Student_7103,66,79
7104,Student_7104,62,96
7105,Student_7105,80,74
7106,Student_7106,69,75
7107,Student_7107,96,73
7108,Student_7108,55,100
7109,Student_7109,87,82
7110,Student_7110,81,77
7111,Student_7111,100,63
7112,Student_7112,51,72
7113,Student_7113,64,95
7114,Student_7114,87,51
7115,Student_7115,69,76
7116,Student_7116,98,54
7117,Student_7117,54,89
7118,Student_7118,60,80
7119,Student_7119,69,88
7120,Student_7120,59,84
7121,Student_7121,77,60
7122,Student_7122,73,67
7123,Student_7123,95,57
7124,Student_7124,64,95
7125,Student_7125,69,60
7126,Student_7126,98,90
7127,Student_7127,75,82
7128,Student_7128,74,52
7129,Student_7129,69,94
7130,Student_7130,82,84
7131,Student_7131,56,67
7132,Student_7132,55,92
7133,Student_7133,81,51
7134,Student_7134,51,79
7135,Student_7135,83,82
7136,Student_7136,85,54
7137,Student_7137,68,79
7138,Student_7138,92,85
7139,Student_7139,68,92
7140,Student_7140,71,99
7141,Student_7141,99,64
7142,Student_7142,64,94
7143,Student_7143,97,89
7144,Student_7144,94,91
7145,Student_7145,66,83
7146,Student_7146,52,84
7147,Student_7147,60,59
7148,Student_7148,60,85
7149,Student_7149,79,85
7150,Student_7150,99,60
7151,Student_7151,61,56
7152,Student_7152,59,99
7153,Student_7153,82,98
7154,Student_7154,99,98
7155,Student_7155,62,89
7156,Student_7156,58,75
7157,Student_7157,57,68
7158,Student_7158,50,65
7159,Student_7159,99,99
7160,Student_7160,85,59
7161,Student_7161,89,69
7162,Student_7162,87,75
7163,Student_7163,100,50
7164,Student_7164,88,62
7165,Student_7165,65,71
7166,Student_7166,78,69
7167,Student_7167,61,57
7168,Student_7168,52,98
7169,Student_7169,87,54
7170,Student_7170,94,81
7171,Student_7171,56,91
7172,Student_7172,69,71
7173,Student_7173,83,74
7174,Student_7174,96,84
7175,Student_7175,100,62
7176,Student_7176,65,67
7177,Student_7177,81,82
7178,Student_7178,81,77
7179,Student_7179,81,79
7180,Student_7180,67,96
7181,Student_7181,81,81
7182,Student_7182,74,80
7183,Student_7183,51,57
7184,Student_7184,98,71
7185,Student_7185,80,72
7186,Student_7186,54,56
7187,Student_7187,92,92
7188,Student_7188,80,78
7189,Student_7189,71,85
7190,Student_7190,75,54
7191,Student_7191,73,55
7192,Student_7192,67,64
7193,Student_7193,70,85
7194,Student_7194,54,64
7195,Student_7195,83,75
7196,Student_7196,66,51
7197,Student_7197,74,82
7198,Student_7198,100,89
7199,Student_7199,84,78
7200,Student_7200,96,54
7201,Student_7201,81,80
7202,Student_7202,99,85
7203,Student_7203,95,74
7204,Student_7204,96,60
7205,Student_7205,50,56
7206,Student_7206,92,87
7207,Student_7207,63,56
7208,Student_7208,70,89
7209,Student_7209,94,76
7210,Student_7210,51,91
7211,Student_7211,65,52
7212,Student_7212,80,89
7213,Student_7213,72,75
7214,Student_7214,64,87
7215,Student_7215,68,56
7216,Student_7216,100,59
7217,Student_7217,65,51
7218,Student_7218,87,64
7219,Student_7219,51,99
7220,Student_7220,53,83
7221,Student_7221,50,86
7222,Student_7222,51,100
7223,Student_7223,69,53
7224,Student_7224,78,97
7225,Student_7225,100,77
7226,Student_7226,57,62
7227,Student_7227,63,92
7228,Student_7228,61,51
7229,Student_7229,64,81
7230,Student_7230,99,71
7231,Student_7231,98,58
7232,Student_7232,88,95
7233,Student_7233,50,81
7234,Student_7234,61,82
7235,Student_7235,60,84
7236,Student_7236,57,100
7237,Student_7237,67,78
7238,Student_7238,70,62
7239,Student_7239,89,61
7240,Student_7240,93,85
7241,Student_7241,69,98
7242,Student_7242,76,68
7243,Student_7243,54,84
7244,Student_7244,71,86
7245,Student_7245,90,99
7246,Student_7246,94,63
7247,Student_7247,64,71
7248,Student_7248,74,55
7249,Student_7249,62,58
7250,Student_7250,81,77
7251,Student_7251,62,74
7252,Student_7252,90,87
7253,Student_7253,53,67
7254,Student_7254,83,74
7255,Student_7255,59,65
7256,Student_7256,54,86
7257,Student_7257,87,99
7258,Student_7258,65,93
7259,Student_7259,65,59
7260,Student_7260,66,77
7261,Student_7261,87,90
7262,Student_7262,98,51
7263,Student_7263,94,88
7264,Student_7264,74,83
7265,Student_7265,59,54
7266,Student_7266,56,59
7267,Student_7267,99,56
7268,Student_7268,84,51
7269,Student_7269,94,86
7270,Student_7270,56,56
7271,Student_7271,76,77
7272,Student_7272,64,91
7273,Student_7273,87,81
7274,Student_7274,74,85
7275,Student_7275,69,86
7276,Student_7276,97,100
7277,Student_7277,76,54
7278,Student_7278,80,65
7279,Student_7279,94,51
7280,Student_7280,66,62
7281,Student_7281,73,63
7282,Student_7282,61,81
7283,Student_7283,98,52
7284,Student_7284,94,95
7285,Student_7285,99,91
7286,Student_7286,63,57
7287,Student_7287,81,54
7288,Student_7288,73,99
7289,Student_7289,58,52
7290,Student_7290,88,59
7291,Student_7291,77,51
7292,Student_7292,53,72
7293,Student_7293,52,100
7294,Student_7294,74,73
7295,Student_7295,83,58
7296,Student_7296,82,89
7297,Student_7297,61,61
7298,Student_7298,62,68
7299,Student_7299,65,93
7300,Student_7300,68,50
7301,Student_7301,73,82
7302,Student_7302,61,84
7303,Student_7303,55,83
7304,Student_7304,85,80
7305,Student_7305,100,80
7306,Student_7306,72,60
7307,Student_7307,59,72
7308,Student_7308,82,64
7309,Student_7309,59,52
7310,Student_7310,63,91
7311,Student_7311,59,92
7312,Student_7312,81,92
7313,Student_7313,83,52
7314,Student_7314,61,50
7315,Student_7315,74,57
7316,Student_7316,72,98
7317,Student_7317,75,68
7318,Student_7318,70,72
7319,Student_7319,65,76
7320,Student_7320,92,61
7321,Student_7321,68,69
7322,Student_7322,80,59
7323,Student_7323,83,93
7324,Student_7324,62,98
7325,Student_7325,54,84
7326,Student_7326,75,84
7327,Student_7327,70,97
7328,Student_7328,98,80
7329,Student_7329,78,63
7330,Student_7330,61,54
7331,Student_7331,75,60
7332,Student_7332,52,95
7333,Student_7333,55,56
7334,Student_7334,54,78
7335,Student_7335,51,84
7336,Student_7336,58,76
7337,Student_7337,78,84
7338,Student_7338,51,71
7339,Student_7339,71,95
7340,Student_7340,51,60
7341,Student_7341,68,81
7342,Student_7342,88,78
7343,Student_7343,53,85
7344,Student_7344,58,93
7345,Student_7345,87,72
7346,Student_7346,86,61
7347,Student_7347,100,74
7348,Student_7348,87,96
7349,Student_7349,65,67
7350,Student_7350,52,73
7351,Student_7351,70,92
7352,Student_7352,63,81
7353,Student_7353,98,72
7354,Student_7354,55,52
7355,Student_7355,75,96
7356,Student_7356,53,86
7357,Student_7357,71,73
7358,Student_7358,66,75
7359,Student_7359,58,67
7360,Student_7360,96,50
7361,Student_7361,63,92
7362,Student_7362,58,92
7363,Student_7363,77,91
7364,Student_7364,65,100
7365,Student_7365,56,55
7366,Student_7366,70,74
7367,Student_7367,69,82
7368,Student_7368,94,96
7369,Student_7369,67,82
7370,Student_7370,94,92
7371,Student_7371,85,69
7372,Student_7372,81,93
7373,Student_7373,70,86
7374,Student_7374,87,69
7375,Student_7375,64,76
7376,Student_7376,71,55
7377,Student_7377,99,54
7378,Student_7378,81,53
7379,Student_7379,95,97
7380,Student_7380,56,67
7381,Student_7381,69,60
7382,Student_7382,52,95
7383,Student_7383,67,84
7384,Student_7384,87,58
7385,Student_7385,64,78
7386,Student_7386,93,50
7387,Student_7387,87,96
7388,Student_7388,93,72
7389,Student_7389,63,74
7390,Student_7390,86,88
7391,Student_7391,90,57
7392,Student_7392,53,94
7393,Student_7393,97,59
7394,Student_7394,57,80
7395,Student_7395,64,72
7396,Student_7396,65,70
7397,Student_7397,75,53
7398,Student_7398,93,91
7399,Student_7399,68,86
7400,Student_7400,57,77
7401,Student_7401,92,89
7402,Student_7402,50,97
7403,Student_7403,71,71
7404,Student_7404,96,92
7405,Student_7405,87,71
7406,Student_7406,58,90
7407,Student_7407,56,61
7408,Student_7408,69,85
7409,Student_7409,96,58
7410,Student_7410,97,96
7411,Student_7411,86,86
7412,Student_7412,59,65
7413,Student_7413,94,62
7414,Student_7414,52,53
7415,Student_7415,94,93
7416,Student_7416,69,64
7417,Student_7417,98,81
7418,Student_7418,85,100
7419,Student_7419,77,100
7420,Student_7420,94,84
7421,Student_7421,69,88
7422,Student_7422,99,65
7423,Student_7423,86,75
7424,Student_7424,92,64
7425,Student_7425,72,97
7426,Student_7426,98,59
7427,Student_7427,65,88
7428,Student_7428,68,58
7429,Student_7429,91,78
7430,Student_7430,51,56
7431,Student_7431,91,61
7432,Student_7432,93,71
7433,Student_7433,59,60
7434,Student_7434,80,67
7435,Student_7435,82,74
7436,Student_7436,53,78
7437,Student_7437,55,87
7438,Student_7438,83,67
7439,Student_7439,91,99
7440,Student_7440,77,62
7441,Student_7441,86,88
7442,Student_7442,82,60
7443,Student_7443,75,72
7444,Student_7444,68,92
7445,Student_7445,55,76
7446,Student_7446,73,54
7447,Student_7447,76,78
7448,Student_7448,64,79
7449,Student_7449,68,90
7450,Student_7450,63,65
7451,Student_7451,71,80
7452,Student_7452,87,78
7453,Student_7453,51,90
7454,Student_7454,100,66
7455,Student_7455,87,52
7456,Student_7456,98,97
7457,Student_7457,89,85
7458,Student_7458,88,50
7459,Student_7459,75,88
7460,Student_7460,76,76
7461,Student_7461,69,55
7462,Student_7462,52,74
7463,Student_7463,61,64
7464,Student_7464,64,93
7465,Student_7465,91,66
7466,Student_7466,62,61
7467,Student_7467,71,50
7468,Student_7468,78,68
7469,Student_7469,84,75
7470,Student_7470,63,78
7471,Student_7471,71,50
7472,Student_7472,81,70
7473,Student_7473,63,69
7474,Student_7474,61,58
7475,Student_7475,70,80
7476,Student_7476,75,82
7477,Student_7477,60,100
7478,Student_7478,56,62
7479,Student_7479,60,65
7480,Student_7480,66,82
7481,Student_7481,63,79
7482,Student_7482,93,76
7483,Student_7483,53,97
7484,Student_7484,64,96
7485,Student_7485,75,95
7486,Student_7486,64,78
7487,Student_7487,99,52
7488,Student_7488,86,53
7489,Student_7489,68,63
7490,Student_7490,70,74
7491,Student_7491,62,78
7492,Student_7492,59,94
7493,Student_7493,70,78
7494,Student_7494,68,51
7495,Student_7495,76,95
7496,Student_7496,68,64
7497,Student_7497,83,65
7498,Student_7498,73,56
7499,Student_7499,81,96
7500,Student_7500,84,58
7501,Student_7501,80,93
7502,Student_7502,54,63
7503,Student_7503,69,89
7504,Student_7504,75,63
7505,Student_7505,64,72
7506,Student_7506,53,88
7507,Student_7507,83,91
7508,Student_7508,54,96
7509,Student_7509,76,78
7510,Student_7510,56,95
7511,Student_7511,86,58
7512,Student_7512,62,94
7513,Student_7513,70,91
7514,Student_7514,96,92
7515,Student_7515,84,88
7516,Student_7516,56,99
7517,Student_7517,67,98
7518,Student_7518,89,59
7519,Student_7519,78,60
7520,Student_7520,56,93
7521,Student_7521,82,59
7522,Student_7522,99,74
7523,Student_7523,51,89
7524,Student_7524,96,97
7525,Student_7525,94,81
7526,Student_7526,61,54
7527,Student_7527,95,54
7528,Student_7528,51,85
7529,Student_7529,76,79
7530,Student_7530,94,81
7531,Student_7531,88,97
7532,Student_7532,54,79
7533,Student_7533,57,80
7534,Student_7534,75,53
7535,Student_7535,88,79
7536,Student_7536,95,54
7537,Student_7537,61,81
7538,Student_7538,83,84
7539,Student_7539,80,80
7540,Student_7540,65,58
7541,Student_7541,90,75
7542,Student_7542,63,63
7543,Student_7543,92,72
7544,Student_7544,75,67
7545,Student_7545,74,73
7546,Student_7546,85,84
7547,Student_7547,69,84
7548,Student_7548,55,95
7549,Student_7549,73,50
7550,Student_7550,64,62
7551,Student_7551,99,88
7552,Student_7552,73,98
7553,Student_7553,66,68
7554,Student_7554,62,95
7555,Student_7555,93,51
7556,Student_7556,57,62
7557,Student_7557,59,85
7558,Student_7558,89,82
7559,Student_7559,53,53
7560,Student_7560,97,76
7561,Student_7561,89,62
7562,Student_7562,96,64
7563,Student_7563,56,92
7564,Student_7564,83,90
7565,Student_7565,60,73
7566,Student_7566,74,71
7567,Student_7567,64,96
7568,Student_7568,61,85
7569,Student_7569,91,89
7570,Student_7570,88,52
7571,Student_7571,61,81
7572,Student_7572,50,72
7573,Student_7573,68,75
7574,Student_7574,79,91
7575,Student_7575,74,77
7576,Student_7576,89,99
7577,Student_7577,62,76
7578,Student_7578,68,51
7579,Student_7579,94,83
7580,Student_7580,76,99
7581,Student_7581,73,55
7582,Student_7582,69,54
7583,Student_7583,60,68
7584,Student_7584,61,100
7585,Student_7585,75,78
7586,Student_7586,80,56
7587,Student_7587,88,87
7588,Student_7588,54,95
7589,Student_7589,86,85
7590,Student_7590,63,70
7591,Student_7591,58,91
7592,Student_7592,63,91
7593,Student_7593,70,69
7594,Student_7594,69,84
7595,Student_7595,60,99
7596,Student_7596,73,56
7597,Student_7597,64,69
7598,Student_7598,90,84
7599,Student_7599,79,61
7600,Student_7600,50,56
7601,Student_7601,56,95
7602,Student_7602,82,73
7603,Student_7603,95,74
7604,Student_7604,76,99
7605,Student_7605,72,91
7606,Student_7606,55,90
7607,Student_7607,65,53
7608,Student_7608,60,87
7609,Student_7609,53,54
7610,Student_7610,81,53
7611,Student_7611,80,91
7612,Student_7612,53,94
7613,Student_7613,57,98
7614,Student_7614,51,55
7615,Student_7615,91,82
7616,Student_7616,81,58
7617,Student_7617,71,71
7618,Student_7618,68,93
7619,Student_7619,77,97
7620,Student_7620,74,70
7621,Student_7621,91,57
7622,Student_7622,77,73
7623,Student_7623,55,85
7624,Student_7624,95,74
7625,Student_7625,67,91
7626,Student_7626,55,88
7627,Student_7627,56,83
7628,Student_7628,96,96
7629,Student_7629,54,75
7630,Student_7630,68,89
7631,Student_7631,62,58
7632,Student_7632,69,78
7633,Student_7633,53,93
7634,Student_7634,90,75
7635,Student_7635,95,66
7636,Student_7636,55,75
7637,Student_7637,100,67
7638,Student_7638,79,60
7639,Student_7639,64,90
7640,Student_7640,75,89
7641,Student_7641,52,88
7642,Student_7642,83,82
7643,Student_7643,63,92
7644,Student_7644,79,61
7645,Student_7645,74,74
7646,Student_7646,61,77
7647,Student_7647,55,85
7648,Student_7648,96,51
7649,Student_7649,87,53
7650,Student_7650,52,75
7651,Student_7651,63,62
7652,Student_7652,98,68
7653,Student_7653,81,87
7654,Student_7654,70,63
7655,Student_7655,51,52
7656,Student_7656,87,87
7657,Student_7657,74,77
7658,Student_7658,98,84
7659,Student_7659,57,92
7660,Student_7660,92,76
7661,Student_7661,65,100
7662,Student_7662,50,80
7663,Student_7663,87,85
7664,Student_7664,56,61
7665,Student_7665,82,92
7666,Student_7666,62,68
7667,Student_7667,52,85
7668,Student_7668,60,51
7669,Student_7669,95,77
7670,Student_7670,77,62
7671,Student_7671,53,78
7672,Student_7672,69,86
7673,Student_7673,76,67
7674,Student_7674,52,92
7675,Student_7675,77,97
7676,Student_7676,84,98
7677,Student_7677,99,53
7678,Student_7678,89,92
7679,Student_7679,71,67
7680,Student_7680,78,59
7681,Student_7681,75,94
7682,Student_7682,72,77
7683,Student_7683,100,87
7684,Student_7684,60,99
7685,Student_7685,75,53
7686,Student_7686,76,57
7687,Student_7687,76,69
7688,Student_7688,51,64
7689,Student_7689,92,79
7690,Student_7690,78,91
7691,Student_7691,100,54
7692,Student_7692,70,92
7693,Student_7693,69,61
7694,Student_7694,62,76
7695,Student_7695,88,94
7696,Student_7696,56,50
7697,Student_7697,66,82
7698,Student_7698,97,55
7699,Student_7699,91,50
7700,Student_7700,92,71
7701,Student_7701,64,65
7702,Student_7702,75,86
7703,Student_7703,75,71
7704,Student_7704,50,54
7705,Student_7705,100,52
7706,Student_7706,82,70
7707,Student_7707,79,96
7708,Student_7708,87,69
7709,Student_7709,50,51
7710,Student_7710,66,93
7711,Student_7711,55,91
7712,Student_7712,77,96
7713,Student_7713,67,61
7714,Student_7714,89,69
7715,Student_7715,66,60
7716,Student_7716,65,91
7717,Student_7717,53,73
7718,Student_7718,90,61
7719,Student_7719,96,54
7720,Student_7720,92,94
7721,Student_7721,74,95
7722,Student_7722,85,50
7723,Student_7723,71,96
7724,Student_7724,74,74
7725,Student_7725,60,61
7726,Student_7726,69,61
7727,Student_7727,81,76
7728,Student_7728,100,89
7729,Student_7729,56,96
7730,Student_7730,82,77
7731,Student_7731,83,80
7732,Student_7732,77,87
7733,Student_7733,51,83
7734,Student_7734,59,99
7735,Student_7735,91,71
7736,Student_7736,66,82
7737,Student_7737,80,86
7738,Student_7738,50,50
7739,Student_7739,70,61
7740,Student_7740,76,78
7741,Student_7741,72,58
7742,Student_7742,65,50
7743,Student_7743,84,95
7744,Student_7744,96,82
7745,Student_7745,100,50
7746,Student_7746,82,83
7747,Student_7747,56,68
7748,Student_7748,87,57
7749,Student_7749,59,85
7750,Student_7750,62,85
7751,Student_7751,97,77
7752,Student_7752,94,75
7753,Student_7753,83,61
7754,Student_7754,98,74
7755,Student_7755,96,67
7756,Student_7756,85,84
7757,Student_7757,94,67
7758,Student_7758,53,59
7759,Student_7759,55,51
7760,Student_7760,68,95
7761,Student_7761,53,77
7762,Student_7762,88,90
7763,Student_7763,55,88
7764,Student_7764,76,58
7765,Student_7765,70,97
7766,Student_7766,68,85
7767,Student_7767,72,73
7768,Student_7768,80,58
7769,Student_7769,59,87
7770,Student_7770,63,62
7771,Student_7771,99,73
7772,Student_7772,81,70
7773,Student_7773,71,53
7774,Student_7774,64,77
7775,Student_7775,94,75
7776,Student_7776,87,95
7777,Student_7777,92,63
7778,Student_7778,97,61
7779,Student_7779,66,59
7780,Student_7780,68,50
7781,Student_7781,58,61
7782,Student_7782,68,83
7783,Student_7783,92,88
7784,Student_7784,86,62
7785,Student_7785,77,75
7786,Student_7786,61,79
7787,Student_7787,79,79
7788,Student_7788,79,68
7789,Student_7789,67,62
7790,Student_7790,89,68
7791,Student_7791,71,56
7792,Student_7792,62,75
7793,Student_7793,80,89
7794,Student_7794,93,80
7795,Student_7795,67,80
7796,Student_7796,64,86
7797,Student_7797,63,62
7798,Student_7798,71,55
7799,Student_7799,62,53
7800,Student_7800,61,71
7801,Student_7801,60,54
7802,Student_7802,89,77
7803,Student_7803,62,89
7804,Student_7804,92,65
7805,Student_7805,65,67
7806,Student_7806,77,80
7807,Student_7807,85,86
7808,Student_7808,88,54
7809,Student_7809,76,64
7810,Student_7810,64,85
7811,Student_7811,71,84
7812,Student_7812,95,56
7813,Student_7813,57,62
7814,Student_7814,53,77
7815,Student_7815,83,78
7816,Student_7816,56,64
7817,Student_7817,57,95
7818,Student_7818,83,61
7819,Student_7819,70,98
7820,Student_7820,63,97
7821,Student_7821,71,78
7822,Student_7822,61,99
7823,Student_7823,57,64
7824,Student_7824,69,66
7825,Student_7825,52,94
7826,Student_7826,85,75
7827,Student_7827,56,91
7828,Student_7828,87,80
7829,Student_7829,73,93
7830,Student_7830,92,68
7831,Student_7831,56,67
7832,Student_7832,61,88
7833,Student_7833,70,53
7834,Student_7834,82,95
7835,Student_7835,52,84
7836,Student_7836,79,63
7837,Student_7837,82,84
7838,Student_7838,100,61
7839,Student_7839,63,58
7840,Student_7840,64,64
7841,Student_7841,54,76
7842,Student_7842,99,87
7843,Student_7843,76,84
7844,Student_7844,51,81
7845,Student_7845,60,63
7846,Student_7846,99,61
7847,Student_7847,91,60
7848,Student_7848,89,97
7849,Student_7849,98,72
7850,Student_7850,96,64
7851,Student_7851,67,54
7852,Student_7852,68,61
7853,Student_7853,100,50
7854,Student_7854,69,70
7855,Student_7855,92,54
7856,Student_7856,53,63
7857,Student_7857,80,87
7858,Student_7858,87,72
7859,Student_7859,74,64
7860,Student_7860,66,98
7861,Student_7861,63,78
7862,Student_7862,77,94
7863,Student_7863,76,66
7864,Student_7864,53,52
7865,Student_7865,100,93
7866,Student_7866,71,52
7867,Student_7867,89,95
7868,Student_7868,70,82
7869,Student_7869,70,95
7870,Student_7870,100,72
7871,Student_7871,96,73
7872,Student_7872,69,73
7873,Student_7873,93,55
7874,Student_7874,80,66
7875,Student_7875,79,73
7876,Student_7876,58,50
7877,Student_7877,85,93
7878,Student_7878,58,58
7879,Student_7879,76,81
7880,Student_7880,87,60
7881,Student_7881,86,100
7882,Student_7882,73,75
7883,Student_7883,93,67
7884,Student_7884,92,91
7885,Student_7885,50,72
7886,Student_7886,81,90
7887,Student_7887,69,73
7888,Student_7888,79,84
7889,Student_7889,53,71
7890,Student_7890,52,65
7891,Student_7891,78,50
7892,Student_7892,79,99
7893,Student_7893,86,69
7894,Student_7894,93,55
7895,Student_7895,73,50
7896,Student_7896,58,54
7897,Student_7897,62,75
7898,Student_7898,80,58
7899,Student_7899,53,53
7900,Student_7900,89,85
7901,Student_7901,69,68
7902,Student_7902,51,91
7903,Student_7903,69,85
7904,Student_7904,72,96
7905,Student_7905,70,78
7906,Student_7906,90,73
7907,Student_7907,68,87
7908,Student_7908,67,87
7909,Student_7909,99,63
7910,Student_7910,61,69
7911,Student_7911,75,97
7912,Student_7912,93,100
7913,Student_7913,60,67
7914,Student_7914,68,55
7915,Student_7915,75,94
7916,Student_7916,98,88
7917,Student_7917,73,89
7918,Student_7918,63,84
7919,Student_7919,66,77
7920,Student_7920,74,75
7921,Student_7921,76,72
7922,Student_7922,56,92
7923,Student_7923,74,55
7924,Student_7924,80,84
7925,Student_7925,76,82
7926,Student_7926,80,75
7927,Student_7927,98,81
7928,Student_7928,61,88
7929,Student_7929,71,75
7930,Student_7930,90,83
7931,Student_7931,60,67
7932,Student_7932,91,94
7933,Student_7933,84,63
7934,Student_7934,82,62
7935,Student_7935,77,99
7936,Student_7936,80,50
7937,Student_7937,78,70
7938,Student_7938,86,92
7939,Student_7939,82,64
7940,Student_7940,69,54
7941,Student_7941,68,90
7942,Student_7942,67,92
7943,Student_7943,88,70
7944,Student_7944,83,75
7945,Student_7945,86,92
7946,Student_7946,89,91
7947,Student_7947,65,55
7948,Student_7948,52,95
7949,Student_7949,80,94
7950,Student_7950,65,50
7951,Student_7951,76,65
7952,Student_7952,88,65
7953,Student_7953,73,97
7954,Student_7954,55,81
7955,Student_7955,99,65
7956,Student_7956,56,98
7957,Student_7957,88,79
7958,Student_7958,55,58
7959,Student_7959,96,88
7960,Student_7960,78,58
7961,Student_7961,60,66
7962,Student_7962,65,76
7963,Student_7963,75,89
7964,Student_7964,87,69
7965,Student_7965,86,61
7966,Student_7966,100,68
7967,Student_7967,81,60
7968,Student_7968,72,91
7969,Student_7969,85,75
7970,Student_7970,100,55
7971,Student_7971,99,98
7972,Student_7972,56,61
7973,Student_7973,75,65
7974,Student_7974,75,71
7975,Student_7975,95,96
7976,Student_7976,78,81
7977,Student_7977,68,80
7978,Student_7978,84,92
7979,Student_7979,70,97
7980,Student_7980,81,59
7981,Student_7981,79,51
7982,Student_7982,95,57
7983,Student_7983,93,89
7984,Student_7984,53,76
7985,Student_7985,71,65
7986,Student_7986,63,60
7987,Student_7987,82,59
7988,Student_7988,88,54
7989,Student_7989,63,50
7990,Student_7990,98,99
7991,Student_7991,52,78
7992,Student_7992,68,86
7993,Student_7993,50,56
7994,Student_7994,81,71
7995,Student_7995,86,98
7996,Student_7996,94,74
7997,Student_7997,66,91
7998,Student_7998,85,55
7999,Student_7999,68,64
8000,Student_8000,86,55
8001,Student_8001,59,79
8002,Student_8002,59,69
8003,Student_8003,98,52
8004,Student_8004,78,87
8005,Student_8005,66,69
8006,Student_8006,97,84
8007,Student_8007,64,63
8008,Student_8008,66,66
8009,Student_8009,79,72
8010,Student_8010,57,85
8011,Student_8011,69,55
8012,Student_8012,63,53
8013,Student_8013,80,79
8014,Student_8014,70,66
8015,Student_8015,58,64
8016,Student_8016,96,56
8017,Student_8017,99,55
8018,Student_8018,63,52
8019,Student_8019,92,70
8020,Student_8020,62,94
8021,Student_8021,56,94
8022,Student_8022,75,57
8023,Student_8023,82,89
8024,Student_8024,100,53
8025,Student_8025,52,77
8026,Student_8026,69,78
8027,Student_8027,60,55
8028,Student_8028,91,87
8029,Student_8029,57,89
8030,Student_8030,56,91
8031,Student_8031,69,90
8032,Student_8032,94,64
8033,Student_8033,67,79
8034,Student_8034,72,88
8035,Student_8035,57,67
8036,Student_8036,62,55
8037,Student_8037,51,75
8038,Student_8038,80,57
8039,Student_8039,86,75
8040,Student_8040,80,53
8041,Student_8041,99,87
8042,Student_8042,72,85
8043,Student_8043,81,72
8044,Student_8044,60,76
8045,Student_8045,82,68
8046,Student_8046,66,78
8047,Student_8047,53,59
8048,Student_8048,76,87
8049,Student_8049,71,50
8050,Student_8050,69,100
8051,Student_8051,86,72
8052,Student_8052,77,98
8053,Student_8053,84,75
8054,Student_8054,100,80
8055,Student_8055,53,84
8056,Student_8056,73,87
8057,Student_8057,100,78
8058,Student_8058,97,63
8059,Student_8059,76,57
8060,Student_8060,51,76
8061,Student_8061,85,82
8062,Student_8062,92,98
8063,Student_8063,100,63
8064,Student_8064,56,50
8065,Student_8065,60,70
8066,Student_8066,97,83
8067,Student_8067,59,56
8068,Student_8068,96,57
8069,Student_8069,62,84
8070,Student_8070,77,58
8071,Student_8071,90,76
8072,Student_8072,89,72
8073,Student_8073,51,67
8074,Student_8074,99,61
8075,Student_8075,63,77
8076,Student_8076,76,57
8077,Student_8077,81,76
8078,Student_8078,64,63
8079,Student_8079,56,55
8080,Student_8080,88,56
8081,Student_8081,95,91
8082,Student_8082,64,83
8083,Student_8083,89,68
8084,Student_8084,86,55
8085,Student_8085,86,68
8086,Student_8086,98,99
8087,Student_8087,73,94
8088,Student_8088,51,54
8089,Student_8089,74,56
8090,Student_8090,72,82
8091,Student_8091,56,96
8092,Student_8092,69,58
8093,Student_8093,92,88
8094,Student_8094,52,58
8095,Student_8095,64,78
8096,Student_8096,98,65
8097,Student_8097,87,65
8098,Student_8098,90,82
8099,Student_8099,59,89
8100,Student_8100,91,55
8101,Student_8101,84,78
8102,Student_8102,91,79
8103,Student_8103,84,62
8104,Student_8104,59,60
8105,Student_8105,67,67
8106,Student_8106,87,95
8107,Student_8107,65,52
8108,Student_8108,65,84
8109,Student_8109,71,70
8110,Student_8110,65,96
8111,Student_8111,72,82
8112,Student_8112,77,59
8113,Student_8113,88,66
8114,Student_8114,51,50
8115,Student_8115,60,62
8116,Student_8116,79,88
8117,Student_8117,65,69
8118,Student_8118,86,64
8119,Student_8119,80,62
8120,Student_8120,97,93
8121,Student_8121,72,59
8122,Student_8122,94,96
8123,Student_8123,93,53
8124,Student_8124,95,78
8125,Student_8125,56,96
8126,Student_8126,71,50
8127,Student_8127,75,55
8128,Student_8128,59,95
8129,Student_8129,56,52
8130,Student_8130,78,82
8131,Student_8131,67,62
8132,Student_8132,59,55
8133,Student_8133,96,50
8134,Student_8134,80,77
8135,Student_8135,77,88
8136,Student_8136,60,95
8137,Student_8137,69,61
8138,Student_8138,77,66
8139,Student_8139,83,94
8140,Student_8140,57,65
8141,Student_8141,91,68
8142,Student_8142,50,75
8143,Student_8143,83,95
8144,Student_8144,57,92
8145,Student_8145,53,96
8146,Student_8146,74,81
8147,Student_8147,59,67
8148,Student_8148,93,94
8149,Student_8149,89,80
8150,Student_8150,70,80
8151,Student_8151,66,88
8152,Student_8152,63,58
8153,Student_8153,84,51
8154,Student_8154,52,77
8155,Student_8155,63,68
8156,Student_8156,90,52
8157,Student_8157,63,58
8158,Student_8158,52,87
8159,Student_8159,73,94
8160,Student_8160,81,81
8161,Student_8161,97,87
8162,Student_8162,61,95
8163,Student_8163,85,59
8164,Student_8164,81,98
8165,Student_8165,56,99
8166,Student_8166,78,67
8167,Student_8167,89,52
8168,Student_8168,83,88
8169,Student_8169,92,81
8170,Student_8170,99,92
8171,Student_8171,84,68
8172,Student_8172,90,78
8173,Student_8173,79,90
8174,Student_8174,66,60
8175,Student_8175,97,72
8176,Student_8176,87,86
8177,Student_8177,90,95
8178,Student_8178,55,55
8179,Student_8179,100,96
8180,Student_8180,87,57
8181,Student_8181,86,81
8182,Student_8182,59,100
8183,Student_8183,52,61
8184,Student_8184,62,87
8185,Student_8185,58,98
8186,Student_8186,100,56
8187,Student_8187,91,60
8188,Student_8188,50,75
8189,Student_8189,79,71
8190,Student_8190,58,81
8191,Student_8191,88,85
8192,Student_8192,74,97
8193,Student_8193,67,59
8194,Student_8194,82,90
8195,Student_8195,89,81
8196,Student_8196,85,55
8197,Student_8197,57,68
8198,Student_8198,52,100
8199,Student_8199,70,83
8200,Student_8200,64,77
8201,Student_8201,56,73
8202,Student_8202,63,62
8203,Student_8203,83,60
8204,Student_8204,60,96
8205,Student_8205,84,89
8206,Student_8206,97,74
8207,Student_8207,70,66
8208,Student_8208,86,76
8209,Student_8209,56,72
8210,Student_8210,89,72
8211,Student_8211,63,82
8212,Student_8212,52,59
8213,Student_8213,88,98
8214,Student_8214,50,77
8215,Student_8215,73,65
8216,Student_8216,90,69
8217,Student_8217,78,95
8218,Student_8218,76,65
8219,Student_8219,84,54
8220,Student_8220,83,75
8221,Student_8221,71,55
8222,Student_8222,97,88
8223,Student_8223,97,55
8224,Student_8224,96,52
8225,Student_8225,95,63
8226,Student_8226,76,58
8227,Student_8227,77,60
8228,Student_8228,81,54
8229,Student_8229,60,97
8230,Student_8230,64,91
8231,Student_8231,53,52
8232,Student_8232,56,91
8233,Student_8233,97,89
8234,Student_8234,85,89
8235,Student_8235,59,98
8236,Student_8236,95,51
8237,Student_8237,69,99
8238,Student_8238,91,89
8239,Student_8239,81,67
8240,Student_8240,59,75
8241,Student_8241,54,89
8242,Student_8242,96,72
8243,Student_8243,81,63
8244,Student_8244,73,94
8245,Student_8245,71,68
8246,Student_8246,56,69
8247,Student_8247,52,61
8248,Student_8248,52,91
8249,Student_8249,77,99
8250,Student_8250,100,70
8251,Student_8251,50,55
8252,Student_8252,97,88
8253,Student_8253,73,99
8254,Student_8254,57,86
8255,Student_8255,59,100
8256,Student_8256,71,80
8257,Student_8257,83,74
8258,Student_8258,96,67
8259,Student_8259,84,65
8260,Student_8260,54,59
8261,Student_8261,71,98
8262,Student_8262,66,95
8263,Student_8263,69,77
8264,Student_8264,54,95
8265,Student_8265,92,99
8266,Student_8266,69,72
8267,Student_8267,90,75
8268,Student_8268,53,71
8269,Student_8269,52,95
8270,Student_8270,83,70
8271,Student_8271,91,100
8272,Student_8272,87,81
8273,Student_8273,52,59
8274,Student_8274,55,91
8275,Student_8275,94,51
8276,Student_8276,56,82
8277,Student_8277,51,58
8278,Student_8278,61,57
8279,Student_8279,87,97
8280,Student_8280,67,62
8281,Student_8281,62,63
8282,Student_8282,66,78
8283,Student_8283,98,100
8284,Student_8284,68,96
8285,Student_8285,85,69
8286,Student_8286,99,62
8287,Student_8287,100,54
8288,Student_8288,100,65
8289,Student_8289,56,97
8290,Student_8290,50,60
8291,Student_8291,61,74
8292,Student_8292,71,91
8293,Student_8293,89,50
8294,Student_8294,60,94
8295,Student_8295,74,79
8296,Student_8296,54,88
8297,Student_8297,66,89
8298,Student_8298,88,72
8299,Student_8299,71,85
8300,Student_8300,59,66
8301,Student_8301,81,92
8302,Student_8302,56,87
8303,Student_8303,53,58
8304,Student_8304,83,88
8305,Student_8305,95,98
8306,Student_8306,50,74
8307,Student_8307,98,55
8308,Student_8308,70,86
8309,Student_8309,88,74
8310,Student_8310,91,78
8311,Student_8311,96,55
8312,Student_8312,55,80
8313,Student_8313,91,94
8314,Student_8314,79,63
8315,Student_8315,59,67
8316,Student_8316,84,55
8317,Student_8317,65,77
8318,Student_8318,98,58
8319,Student_8319,92,74
8320,Student_8320,85,90
8321,Student_8321,83,70
8322,Student_8322,61,52
8323,Student_8323,83,61
8324,Student_8324,73,74
8325,Student_8325,71,96
8326,Student_8326,59,100
8327,Student_8327,86,85
8328,Student_8328,84,75
8329,Student_8329,53,88
8330,Student_8330,54,65
8331,Student_8331,99,76
8332,Student_8332,95,75
8333,Student_8333,87,75
8334,Student_8334,79,69
8335,Student_8335,93,80
8336,Student_8336,50,100
8337,Student_8337,79,56
8338,Student_8338,53,81
8339,Student_8339,80,70
8340,Student_8340,73,68
8341,Student_8341,100,97
8342,Student_8342,93,61
8343,Student_8343,69,100
8344,Student_8344,100,64
8345,Student_8345,74,90
8346,Student_8346,57,63
8347,Student_8347,51,51
8348,Student_8348,83,62
8349,Student_8349,79,62
8350,Student_8350,52,91
8351,Student_8351,74,94
8352,Student_8352,69,88
8353,Student_8353,89,86
8354,Student_8354,54,97
8355,Student_8355,54,58
8356,Student_8356,88,67
8357,Student_8357,78,57
8358,Student_8358,50,72
8359,Student_8359,96,57
8360,Student_8360,56,97
8361,Student_8361,74,94
8362,Student_8362,96,78
8363,Student_8363,59,85
8364,Student_8364,84,94
8365,Student_8365,52,64
8366,Student_8366,82,97
8367,Student_8367,51,79
8368,Student_8368,78,92
8369,Student_8369,83,63
8370,Student_8370,85,84
8371,Student_8371,54,83
8372,Student_8372,55,67
8373,Student_8373,80,92
8374,Student_8374,86,81
8375,Student_8375,85,59
8376,Student_8376,61,56
8377,Student_8377,59,54
8378,Student_8378,70,53
8379,Student_8379,79,68
8380,Student_8380,72,54
8381,Student_8381,96,84
8382,Student_8382,67,73
8383,Student_8383,57,66
8384,Student_8384,53,88
8385,Student_8385,96,95
8386,Student_8386,65,64
8387,Student_8387,80,87
8388,Student_8388,66,98
8389,Student_8389,80,60
8390,Student_8390,50,56
8391,Student_8391,66,73
8392,Student_8392,69,97
8393,Student_8393,100,95
8394,Student_8394,64,51
8395,Student_8395,88,91
8396,Student_8396,88,89
8397,Student_8397,50,77
8398,Student_8398,63,66
8399,Student_8399,72,72
8400,Student_8400,63,52
8401,Student_8401,93,92
8402,Student_8402,53,85
8403,Student_8403,55,66
8404,Student_8404,70,54
8405,Student_8405,51,65
8406,Student_8406,83,78
8407,Student_8407,88,82
8408,Student_8408,85,51
8409,Student_8409,61,69
8410,Student_8410,79,66
8411,Student_8411,92,91
8412,Student_8412,79,84
8413,Student_8413,88,54
8414,Student_8414,97,100
8415,Student_8415,50,68
8416,Student_8416,72,63
8417,Student_8417,92,73
8418,Student_8418,68,91
8419,Student_8419,76,59
8420,Student_8420,96,83
8421,Student_8421,63,87
8422,Student_8422,73,81
8423,Student_8423,67,88
8424,Student_8424,90,91
8425,Student_8425,70,59
8426,Student_8426,53,86
8427,Student_8427,76,92
8428,Student_8428,79,60
8429,Student_8429,68,71
8430,Student_8430,78,56
8431,Student_8431,75,94
8432,Student_8432,77,92
8433,Student_8433,61,51
8434,Student_8434,64,85
8435,Student_8435,56,56
8436,Student_8436,86,52
8437,Student_8437,93,97
8438,Student_8438,98,81
8439,Student_8439,69,74
8440,Student_8440,81,80
8441,Student_8441,82,70
8442,Student_8442,75,75
8443,Student_8443,57,71
8444,Student_8444,58,62
8445,Student_8445,97,97
8446,Student_8446,80,77
8447,Student_8447,57,89
8448,Student_8448,61,80
8449,Student_8449,64,81
8450,Student_8450,82,71
8451,Student_8451,87,55
8452,Student_8452,81,58
8453,Student_8453,69,65
8454,Student_8454,85,85
8455,Student_8455,89,96
8456,Student_8456,93,87
8457,Student_8457,86,73
8458,Student_8458,90,61
8459,Student_8459,80,77
8460,Student_8460,90,64
8461,Student_8461,96,100
8462,Student_8462,81,87
8463,Student_8463,80,91
8464,Student_8464,72,72
8465,Student_8465,94,68
8466,Student_8466,61,56
8467,Student_8467,63,75
8468,Student_8468,81,53
8469,Student_8469,80,56
8470,Student_8470,89,61
8471,Student_8471,51,93
8472,Student_8472,99,57
8473,Student_8473,60,71
8474,Student_8474,76,54
8475,Student_8475,83,60
8476,Student_8476,89,91
8477,Student_8477,63,68
8478,Student_8478,87,75
8479,Student_8479,69,57
8480,Student_8480,69,97
8481,Student_8481,91,65
8482,Student_8482,85,71
8483,Student_8483,71,55
8484,Student_8484,91,79
8485,Student_8485,93,80
8486,Student_8486,52,77
8487,Student_8487,72,96
8488,Student_8488,59,98
8489,Student_8489,50,98
8490,Student_8490,84,82
8491,Student_8491,87,61
8492,Student_8492,59,61
8493,Student_8493,55,51
8494,Student_8494,51,63
8495,Student_8495,51,67
8496,Student_8496,67,75
8497,Student_8497,91,79
8498,Student_8498,63,59
8499,Student_8499,87,85
8500,Student_8500,66,96
8501,Student_8501,69,99
8502,Student_8502,87,89
8503,Student_8503,60,77
8504,Student_8504,72,98
8505,Student_8505,79,75
8506,Student_8506,75,79
8507,Student_8507,94,70
8508,Student_8508,55,61
8509,Student_8509,63,59
8510,Student_8510,81,75
8511,Student_8511,81,70
8512,Student_8512,97,54
8513,Student_8513,86,59
8514,Student_8514,67,93
8515,Student_8515,93,60
8516,Student_8516,56,99
8517,Student_8517,96,69
8518,Student_8518,68,77
8519,Student_8519,60,59
8520,Student_8520,77,91
8521,Student_8521,81,53
8522,Student_8522,79,76
8523,Student_8523,85,92
8524,Student_8524,95,56
8525,Student_8525,63,57
8526,Student_8526,82,75
8527,Student_8527,83,62
8528,Student_8528,89,61
8529,Student_8529,97,85
8530,Student_8530,77,95
8531,Student_8531,52,90
8532,Student_8532,61,70
8533,Student_8533,71,83
8534,Student_8534,54,66
8535,Student_8535,67,84
8536,Student_8536,89,83
8537,Student_8537,94,57
8538,Student_8538,95,89
8539,Student_8539,56,96
8540,Student_8540,95,64
8541,Student_8541,94,65
8542,Student_8542,68,89
8543,Student_8543,91,99
8544,Student_8544,80,77
8545,Student_8545,87,76
8546,Student_8546,99,55
8547,Student_8547,62,87
8548,Student_8548,75,84
8549,Student_8549,81,98
8550,Student_8550,86,57
8551,Student_8551,61,98
8552,Student_8552,69,73
8553,Student_8553,87,68
8554,Student_8554,69,75
8555,Student_8555,90,66
8556,Student_8556,87,70
8557,Student_8557,68,56
8558,Student_8558,76,64
8559,Student_8559,54,89
8560,Student_8560,56,100
8561,Student_8561,80,56
8562,Student_8562,69,62
8563,Student_8563,59,82
8564,Student_8564,75,94
8565,Student_8565,82,76
8566,Student_8566,72,100
8567,Student_8567,55,63
8568,Student_8568,78,53
8569,Student_8569,58,86
8570,Student_8570,62,59
8571,Student_8571,55,68
8572,Student_8572,64,69
8573,Student_8573,66,94
8574,Student_8574,75,75
8575,Student_8575,92,66
8576,Student_8576,71,69
8577,Student_8577,61,83
8578,Student_8578,81,76
8579,Student_8579,85,85
8580,Student_8580,64,64
8581,Student_8581,64,99
8582,Student_8582,50,82
8583,Student_8583,53,73
8584,Student_8584,96,60
8585,Student_8585,70,71
8586,Student_8586,50,72
8587,Student_8587,99,82
8588,Student_8588,53,67
8589,Student_8589,91,84
8590,Student_8590,55,69
8591,Student_8591,87,93
8592,Student_8592,77,58
8593,Student_8593,70,95
8594,Student_8594,62,75
8595,Student_8595,98,80
8596,Student_8596,55,53
8597,Student_8597,72,93
8598,Student_8598,100,82
8599,Student_8599,94,92
8600,Student_8600,84,99
8601,Student_8601,71,74
8602,Student_8602,55,97
8603,Student_8603,65,97
8604,Student_8604,85,96
8605,Student_8605,100,75
8606,Student_8606,50,86
8607,Student_8607,72,99
8608,Student_8608,93,98
8609,Student_8609,72,64
8610,Student_8610,72,56
8611,Student_8611,64,61
8612,Student_8612,88,63
8613,Student_8613,93,85
8614,Student_8614,61,92
8615,Student_8615,79,74
8616,Student_8616,58,72
8617,Student_8617,89,69
8618,Student_8618,50,69
8619,Student_8619,98,75
8620,Student_8620,84,95
8621,Student_8621,72,52
8622,Student_8622,69,98
8623,Student_8623,85,54
8624,Student_8624,99,55
8625,Student_8625,62,82
8626,Student_8626,55,93
8627,Student_8627,68,82
8628,Student_8628,65,51
8629,Student_8629,100,67
8630,Student_8630,97,53
8631,Student_8631,88,79
8632,Student_8632,94,73
8633,Student_8633,65,99
8634,Student_8634,94,81
8635,Student_8635,70,80
8636,Student_8636,82,68
8637,Student_8637,74,91
8638,Student_8638,53,52
8639,Student_8639,77,69
8640,Student_8640,81,90
8641,Student_8641,92,54
8642,Student_8642,96,59
8643,Student_8643,64,83
8644,Student_8644,84,80
8645,Student_8645,53,77
8646,Student_8646,55,87
8647,Student_8647,58,57
8648,Student_8648,52,50
8649,Student_8649,67,98
8650,Student_8650,63,55
8651,Student_8651,93,100
8652,Student_8652,72,59
8653,Student_8653,83,59
8654,Student_8654,71,91
8655,Student_8655,81,60
8656,Student_8656,53,61
8657,Student_8657,70,62
8658,Student_8658,97,61
8659,Student_8659,57,100
8660,Student_8660,58,72
8661,Student_8661,84,76
8662,Student_8662,66,85
8663,Student_8663,63,60
8664,Student_8664,81,59
8665,Student_8665,68,69
8666,Student_8666,52,72
8667,Student_8667,70,79
8668,Student_8668,78,82
8669,Student_8669,80,60
8670,Student_8670,65,54
8671,Student_8671,86,100
8672,Student_8672,89,55
8673,Student_8673,60,90
8674,Student_8674,82,83
8675,Student_8675,98,58
8676,Student_8676,88,76
8677,Student_8677,79,51
8678,Student_8678,89,86
8679,Student_8679,56,87
8680,Student_8680,83,68
8681,Student_8681,95,83
8682,Student_8682,100,88
8683,Student_8683,60,54
8684,Student_8684,97,53
8685,Student_8685,67,51
8686,Student_8686,90,57
8687,Student_8687,56,83
8688,Student_8688,58,74
8689,Student_8689,65,77
8690,Student_8690,97,63
8691,Student_8691,75,64
8692,Student_8692,96,55
8693,Student_8693,93,67
8694,Student_8694,66,71
8695,Student_8695,57,84
8696,Student_8696,53,73
8697,Student_8697,58,82
8698,Student_8698,50,73
8699,Student_8699,81,69
8700,Student_8700,60,66
8701,Student_8701,66,73
8702,Student_8702,100,94
8703,Student_8703,92,75
8704,Student_8704,51,52
8705,Student_8705,99,95
8706,Student_8706,57,100
8707,Student_8707,96,61
8708,Student_8708,94,98
8709,Student_8709,97,90
8710,Student_8710,79,67
8711,Student_8711,85,100
8712,Student_8712,65,67
8713,Student_8713,60,91
8714,Student_8714,72,95
8715,Student_8715,90,65
8716,Student_8716,89,86
8717,Student_8717,94,85
8718,Student_8718,100,84
8719,Student_8719,94,77
8720,Student_8720,81,82
8721,Student_8721,51,52
8722,Student_8722,60,73
8723,Student_8723,88,87
8724,Student_8724,73,63
8725,Student_8725,92,61
8726,Student_8726,79,53
8727,Student_8727,67,74
8728,Student_8728,100,86
8729,Student_8729,88,71
8730,Student_8730,80,95
8731,Student_8731,51,64
8732,Student_8732,88,92
8733,Student_8733,53,63
8734,Student_8734,73,73
8735,Student_8735,64,95
8736,Student_8736,63,74
8737,Student_8737,72,74
8738,Student_8738,69,85
8739,Student_8739,57,68
8740,Student_8740,97,65
8741,Student_8741,83,96
8742,Student_8742,52,93
8743,Student_8743,95,79
8744,Student_8744,92,58
8745,Student_8745,82,56
8746,Student_8746,86,71
8747,Student_8747,56,97
8748,Student_8748,97,88
8749,Student_8749,89,98
8750,Student_8750,73,92
8751,Student_8751,88,55
8752,Student_8752,83,70
8753,Student_8753,81,93
8754,Student_8754,61,64
8755,Student_8755,72,57
8756,Student_8756,80,99
8757,Student_8757,58,67
8758,Student_8758,79,79
8759,Student_8759,92,67
8760,Student_8760,51,76
8761,Student_8761,89,89
8762,Student_8762,54,56
8763,Student_8763,69,65
8764,Student_8764,99,99
8765,Student_8765,95,68
8766,Student_8766,66,83
8767,Student_8767,59,67
8768,Student_8768,51,84
8769,Student_8769,59,69
8770,Student_8770,73,65
8771,Student_8771,80,82
8772,Student_8772,79,93
8773,Student_8773,59,88
8774,Student_8774,88,96
8775,Student_8775,73,88
8776,Student_8776,55,67
8777,Student_8777,76,95
8778,Student_8778,70,97
8779,Student_8779,62,78
8780,Student_8780,81,97
8781,Student_8781,61,71
8782,Student_8782,73,74
8783,Student_8783,76,94
8784,Student_8784,82,98
8785,Student_8785,90,93
8786,Student_8786,75,59
8787,Student_8787,91,56
8788,Student_8788,78,52
8789,Student_8789,74,67
8790,Student_8790,78,54
8791,Student_8791,100,97
8792,Student_8792,96,52
8793,Student_8793,100,83
8794,Student_8794,87,78
8795,Student_8795,65,90
8796,Student_8796,51,79
8797,Student_8797,64,61
8798,Student_8798,66,97
8799,Student_8799,57,81
8800,Student_8800,53,100
8801,Student_8801,82,98
8802,Student_8802,88,90
8803,Student_8803,58,73
8804,Student_8804,77,75
8805,Student_8805,67,63
8806,Student_8806,72,60
8807,Student_8807,51,93
8808,Student_8808,80,93
8809,Student_8809,82,79
8810,Student_8810,65,94
8811,Student_8811,67,52
8812,Student_8812,66,54
8813,Student_8813,96,61
8814,Student_8814,95,90
8815,Student_8815,63,83
8816,Student_8816,74,79
8817,Student_8817,89,76
8818,Student_8818,67,82
8819,Student_8819,71,95
8820,Student_8820,99,51
8821,Student_8821,74,51
8822,Student_8822,68,78
8823,Student_8823,54,91
8824,Student_8824,93,100
8825,Student_8825,80,62
8826,Student_8826,81,57
8827,Student_8827,53,52
8828,Student_8828,82,63
8829,Student_8829,62,89
8830,Student_8830,89,63
8831,Student_8831,85,69
8832,Student_8832,54,97
8833,Student_8833,60,87
8834,Student_8834,89,68
8835,Student_8835,90,77
8836,Student_8836,81,51
8837,Student_8837,71,87
8838,Student_8838,73,66
8839,Student_8839,77,71
8840,Student_8840,80,97
8841,Student_8841,71,75
8842,Student_8842,57,83
8843,Student_8843,72,86
8844,Student_8844,90,99
8845,Student_8845,67,76
8846,Student_8846,68,99
8847,Student_8847,92,71
8848,Student_8848,74,68
8849,Student_8849,95,59
8850,Student_8850,76,94
8851,Student_8851,77,69
8852,Student_8852,100,86
8853,Student_8853,64,72
8854,Student_8854,72,67
8855,Student_8855,87,86
8856,Student_8856,97,57
8857,Student_8857,59,61
8858,Student_8858,74,81
8859,Student_8859,72,52
8860,Student_8860,93,59
8861,Student_8861,87,96
8862,Student_8862,96,59
8863,Student_8863,96,56
8864,Student_8864,75,90
8865,Student_8865,93,75
8866,Student_8866,64,83
8867,Student_8867,82,55
8868,Student_8868,63,61
8869,Student_8869,98,90
8870,Student_8870,92,89
8871,Student_8871,82,92
8872,Student_8872,84,62
8873,Student_8873,91,91
8874,Student_8874,92,73
8875,Student_8875,96,61
8876,Student_8876,96,59
8877,Student_8877,68,92
8878,Student_8878,55,96
8879,Student_8879,56,53
8880,Student_8880,56,53
8881,Student_8881,53,81
8882,Student_8882,99,51
8883,Student_8883,76,51
8884,Student_8884,67,62
8885,Student_8885,91,68
8886,Student_8886,65,58
8887,Student_8887,55,53
8888,Student_8888,95,75
8889,Student_8889,88,91
8890,Student_8890,89,72
8891,Student_8891,86,94
8892,Student_8892,97,53
8893,Student_8893,79,100
8894,Student_8894,71,59
8895,Student_8895,69,51
8896,Student_8896,90,53
8897,Student_8897,100,100
8898,Student_8898,85,75
8899,Student_8899,95,94
8900,Student_8900,90,98
8901,Student_8901,83,78
8902,Student_8902,57,100
8903,Student_8903,55,84
8904,Student_8904,80,88
8905,Student_8905,76,85
8906,Student_8906,50,84
8907,Student_8907,82,82
8908,Student_8908,93,82
8909,Student_8909,83,99
8910,Student_8910,78,88
8911,Student_8911,91,83
8912,Student_8912,80,50
8913,Student_8913,96,87
8914,Student_8914,99,60
8915,Student_8915,57,84
8916,Student_8916,78,55
8917,Student_8917,65,62
8918,Student_8918,99,73
8919,Student_8919,91,98
8920,Student_8920,80,76
8921,Student_8921,86,60
8922,Student_8922,57,79
8923,Student_8923,79,63
8924,Student_8924,70,51
8925,Student_8925,66,96
8926,Student_8926,94,94
8927,Student_8927,97,76
8928,Student_8928,82,52
8929,Student_8929,62,92
8930,Student_8930,84,76
8931,Student_8931,82,57
8932,Student_8932,74,100
8933,Student_8933,65,69
8934,Student_8934,52,64
8935,Student_8935,50,77
8936,Student_8936,76,57
8937,Student_8937,79,80
8938,Student_8938,74,58
8939,Student_8939,72,77
8940,Student_8940,63,54
8941,Student_8941,61,93
8942,Student_8942,71,59
8943,Student_8943,57,51
8944,Student_8944,88,71
8945,Student_8945,86,89
8946,Student_8946,77,63
8947,Student_8947,92,50
8948,Student_8948,98,83
8949,Student_8949,57,97
8950,Student_8950,55,84
8951,Student_8951,85,60
8952,Student_8952,67,58
8953,Student_8953,70,83
8954,Student_8954,59,61
8955,Student_8955,100,86
8956,Student_8956,57,90
8957,Student_8957,61,51
8958,Student_8958,100,63
8959,Student_8959,100,88
8960,Student_8960,80,82
8961,Student_8961,55,72
8962,Student_8962,61,66
8963,Student_8963,68,82
8964,Student_8964,83,86
8965,Student_8965,99,73
8966,Student_8966,87,89
8967,Student_8967,69,94
8968,Student_8968,99,91
8969,Student_8969,72,78
8970,Student_8970,63,67
8971,Student_8971,61,75
8972,Student_8972,95,67
8973,Student_8973,83,64
8974,Student_8974,86,63
8975,Student_8975,77,66
8976,Student_8976,70,78
8977,Student_8977,65,100
8978,Student_8978,54,96
8979,Student_8979,68,81
8980,Student_8980,59,94
8981,Student_8981,70,97
8982,Student_8982,72,58
8983,Student_8983,86,100
8984,Student_8984,57,58
8985,Student_8985,51,71
8986,Student_8986,59,94
8987,Student_8987,57,85
8988,Student_8988,92,98
8989,Student_8989,70,89
8990,Student_8990,97,100
8991,Student_8991,73,71
8992,Student_8992,67,50
8993,Student_8993,94,77
8994,Student_8994,55,67
8995,Student_8995,97,99
8996,Student_8996,81,73
8997,Student_8997,65,70
8998,Student_8998,96,91
8999,Student_8999,90,97
9000,Student_9000,92,91
9001,Student_9001,93,90
9002,Student_9002,87,59
9003,Student_9003,91,88
9004,Student_9004,91,51
9005,Student_9005,85,68
9006,Student_9006,83,58
9007,Student_9007,77,52
9008,Student_9008,94,65
9009,Student_9009,92,80
9010,Student_9010,93,53
9011,Student_9011,51,83
9012,Student_9012,59,92
9013,Student_9013,88,71
9014,Student_9014,78,97
9015,Student_9015,86,57
9016,Student_9016,67,64
9017,Student_9017,69,56
9018,Student_9018,94,71
9019,Student_9019,95,59
9020,Student_9020,87,60
9021,Student_9021,73,81
9022,Student_9022,78,58
9023,Student_9023,82,87
9024,Student_9024,71,77
9025,Student_9025,75,78
9026,Student_9026,56,75
9027,Student_9027,53,64
9028,Student_9028,57,89
9029,Student_9029,59,66
9030,Student_9030,51,69
9031,Student_9031,98,59
9032,Student_9032,57,76
9033,Student_9033,78,59
9034,Student_9034,99,65
9035,Student_9035,57,75
9036,Student_9036,91,93
9037,Student_9037,59,67
9038,Student_9038,97,87
9039,Student_9039,62,94
9040,Student_9040,61,58
9041,Student_9041,85,92
9042,Student_9042,82,72
9043,Student_9043,81,85
9044,Student_9044,60,86
9045,Student_9045,68,67
9046,Student_9046,88,81
9047,Student_9047,89,88
9048,Student_9048,60,77
9049,Student_9049,56,91
9050,Student_9050,64,68
9051,Student_9051,91,79
9052,Student_9052,88,54
9053,Student_9053,85,99
9054,Student_9054,72,88
9055,Student_9055,66,82
9056,Student_9056,76,72
9057,Student_9057,65,89
9058,Student_9058,89,54
9059,Student_9059,72,85
9060,Student_9060,55,64
9061,Student_9061,70,69
9062,Student_9062,51,60
9063,Student_9063,59,66
9064,Student_9064,72,69
9065,Student_9065,68,85
9066,Student_9066,84,62
9067,Student_9067,81,65
9068,Student_9068,56,74
9069,Student_9069,70,54
9070,Student_9070,62,64
9071,Student_9071,58,83
9072,Student_9072,52,53
9073,Student_9073,54,65
9074,Student_9074,58,64
9075,Student_9075,89,84
9076,Student_9076,91,98
9077,Student_9077,93,94
9078,Student_9078,92,58
9079,Student_9079,83,84
9080,Student_9080,85,93
9081,Student_9081,99,72
9082,Student_9082,68,94
9083,Student_9083,87,54
9084,Student_9084,76,57
9085,Student_9085,53,69
9086,Student_9086,68,73
9087,Student_9087,84,67
9088,Student_9088,95,62
9089,Student_9089,61,78
9090,Student_9090,76,58
9091,Student_9091,92,83
9092,Student_9092,100,97
9093,Student_9093,57,50
9094,Student_9094,93,71
9095,Student_9095,94,75
9096,Student_9096,60,91
9097,Student_9097,87,57
9098,Student_9098,89,52
9099,Student_9099,61,76
9100,Student_9100,55,55
9101,Student_9101,99,58
9102,Student_9102,66,93
9103,Student_9103,61,53
9104,Student_9104,60,82
9105,Student_9105,84,73
9106,Student_9106,75,72
9107,Student_9107,64,63
9108,Student_9108,90,95
9109,Student_9109,83,82
9110,Student_9110,72,84
9111,Student_9111,87,73
9112,Student_9112,57,94
9113,Student_9113,59,70
9114,Student_9114,92,68
9115,Student_9115,50,60
9116,Student_9116,80,71
9117,Student_9117,86,88
9118,Student_9118,59,85
9119,Student_9119,51,85
9120,Student_9120,90,98
9121,Student_9121,77,82
9122,Student_9122,50,82
9123,Student_9123,73,89
9124,Student_9124,52,97
9125,Student_9125,89,86
9126,Student_9126,70,53
9127,Student_9127,87,91
9128,Student_9128,100,69
9129,Student_9129,96,74
9130,Student_9130,50,82
9131,Student_9131,57,50
9132,Student_9132,64,90
9133,Student_9133,65,79
9134,Student_9134,94,93
9135,Student_9135,80,79
9136,Student_9136,87,85
9137,Student_9137,54,71
9138,Student_9138,64,52
9139,Student_9139,85,54
9140,Student_9140,63,67
9141,Student_9141,89,85
9142,Student_9142,66,74
9143,Student_9143,82,94
9144,Student_9144,62,68
9145,Student_9145,64,93
9146,Student_9146,95,91
9147,Student_9147,77,71
9148,Student_9148,51,78
9149,Student_9149,81,91
9150,Student_9150,61,85
9151,Student_9151,67,81
9152,Student_9152,65,95
9153,Student_9153,97,63
9154,Student_9154,85,52
9155,Student_9155,97,73
9156,Student_9156,70,90
9157,Student_9157,75,74
9158,Student_9158,97,94
9159,Student_9159,71,51
9160,Student_9160,65,90
9161,Student_9161,54,84
9162,Student_9162,70,87
9163,Student_9163,66,80
9164,Student_9164,97,93
9165,Student_9165,53,66
9166,Student_9166,92,97
9167,Student_9167,58,88
9168,Student_9168,89,85
9169,Student_9169,78,78
9170,Student_9170,93,100
9171,Student_9171,70,69
9172,Student_9172,84,62
9173,Student_9173,89,60
9174,Student_9174,85,97
9175,Student_9175,100,93
9176,Student_9176,92,65
9177,Student_9177,73,60
9178,Student_9178,64,50
9179,Student_9179,80,53
9180,Student_9180,73,61
9181,Student_9181,64,75
9182,Student_9182,77,88
9183,Student_9183,97,57
9184,Student_9184,72,51
9185,Student_9185,57,73
9186,Student_9186,87,92
9187,Student_9187,59,99
9188,Student_9188,92,88
9189,Student_9189,82,81
9190,Student_9190,87,59
9191,Student_9191,55,98
9192,Student_9192,75,100
9193,Student_9193,60,62
9194,Student_9194,94,88
9195,Student_9195,51,98
9196,Student_9196,69,65
9197,Student_9197,57,63
9198,Student_9198,99,54
9199,Student_9199,65,70
9200,Student_9200,90,60
9201,Student_9201,51,73
9202,Student_9202,72,60
9203,Student_9203,82,99
9204,Student_9204,82,53
9205,Student_9205,78,62
9206,Student_9206,52,77
9207,Student_9207,87,69
9208,Student_9208,95,71
9209,Student_9209,67,97
9210,Student_9210,87,58
9211,Student_9211,97,68
9212,Student_9212,57,58
9213,Student_9213,83,75
9214,Student_9214,82,79
9215,Student_9215,69,88
9216,Student_9216,63,56
9217,Student_9217,83,59
9218,Student_9218,56,81
9219,Student_9219,96,61
9220,Student_9220,55,69
9221,Student_9221,69,93
9222,Student_9222,82,69
9223,Student_9223,92,86
9224,Student_9224,81,95
9225,Student_9225,91,90
9226,Student_9226,70,95
9227,Student_9227,62,65
9228,Student_9228,88,92
9229,Student_9229,93,90
9230,Student_9230,63,69
9231,Student_9231,83,80
9232,Student_9232,62,100
9233,Student_9233,72,71
9234,Student_9234,61,76
9235,Student_9235,98,59
9236,Student_9236,71,93
9237,Student_9237,92,62
9238,Student_9238,92,96
9239,Student_9239,93,84
9240,Student_9240,98,89
9241,Student_9241,78,53
9242,Student_9242,65,81
9243,Student_9243,98,51
9244,Student_9244,87,74
9245,Student_9245,74,65
9246,Student_9246,93,64
9247,Student_9247,65,55
9248,Student_9248,82,75
9249,Student_9249,51,79
9250,Student_9250,96,68
9251,Student_9251,88,70
9252,Student_9252,95,87
9253,Student_9253,83,79
9254,Student_9254,70,63
9255,Student_9255,81,50
9256,Student_9256,50,86
9257,Student_9257,80,97
9258,Student_9258,79,54
9259,Student_9259,57,86
9260,Student_9260,73,88
9261,Student_9261,69,60
9262,Student_9262,52,67
9263,Student_9263,92,54
9264,Student_9264,65,99
9265,Student_9265,94,51
9266,Student_9266,77,90
9267,Student_9267,98,99
9268,Student_9268,84,50
9269,Student_9269,80,80
9270,Student_9270,90,65
9271,Student_9271,65,57
9272,Student_9272,79,73
9273,Student_9273,58,81
9274,Student_9274,68,78
9275,Student_9275,91,65
9276,Student_9276,62,65
9277,Student_9277,89,69
9278,Student_9278,98,68
9279,Student_9279,100,70
9280,Student_9280,66,55
9281,Student_9281,65,66
9282,Student_9282,73,79
9283,Student_9283,66,63
9284,Student_9284,89,85
9285,Student_9285,92,98
9286,Student_9286,69,66
9287,Student_9287,96,72
9288,Student_9288,56,77
9289,Student_9289,96,74
9290,Student_9290,100,97
9291,Student_9291,68,97
9292,Student_9292,86,65
9293,Student_9293,91,71
9294,Student_9294,77,60
9295,Student_9295,79,82
9296,Student_9296,78,69
9297,Student_9297,79,94
9298,Student_9298,62,86
9299,Student_9299,78,65
9300,Student_9300,61,55
9301,Student_9301,67,54
9302,Student_9302,88,77
9303,Student_9303,78,64
9304,Student_9304,70,90
9305,Student_9305,100,65
9306,Student_9306,73,62
9307,Student_9307,55,70
9308,Student_9308,62,97
9309,Student_9309,65,61
9310,Student_9310,70,50
9311,Student_9311,88,98
9312,Student_9312,83,57
9313,Student_9313,90,91
9314,Student_9314,85,94
9315,Student_9315,50,72
9316,Student_9316,97,80
9317,Student_9317,72,64
9318,Student_9318,58,83
9319,Student_9319,100,55
9320,Student_9320,84,50
9321,Student_9321,54,56
9322,Student_9322,91,80
9323,Student_9323,69,91
9324,Student_9324,87,76
9325,Student_9325,74,82
9326,Student_9326,89,84
9327,Student_9327,69,80
9328,Student_9328,86,53
9329,Student_9329,83,98
9330,Student_9330,100,95
9331,Student_9331,70,61
9332,Student_9332,62,50
9333,Student_9333,56,70
9334,Student_9334,93,68
9335,Student_9335,84,50
9336,Student_9336,59,89
9337,Student_9337,72,92
9338,Student_9338,63,60
9339,Student_9339,86,71
9340,Student_9340,67,51
9341,Student_9341,64,99
9342,Student_9342,77,76
9343,Student_9343,96,53
9344,Student_9344,64,53
9345,Student_9345,88,55
9346,Student_9346,94,55
9347,Student_9347,62,75
9348,Student_9348,82,85
9349,Student_9349,51,51
9350,Student_9350,92,90
9351,Student_9351,91,54
9352,Student_9352,73,51
9353,Student_9353,93,57
9354,Student_9354,61,82
9355,Student_9355,92,52
9356,Student_9356,83,63
9357,Student_9357,81,85
9358,Student_9358,98,55
9359,Student_9359,91,82
9360,Student_9360,80,93
9361,Student_9361,54,76
9362,Student_9362,76,97
9363,Student_9363,82,59
9364,Student_9364,62,66
9365,Student_9365,67,75
9366,Student_9366,86,56
9367,Student_9367,80,57
9368,Student_9368,61,77
9369,Student_9369,53,100
9370,Student_9370,82,70
9371,Student_9371,89,67
9372,Student_9372,76,50
9373,Student_9373,62,55
9374,Student_9374,64,59
9375,Student_9375,99,61
9376,Student_9376,62,84
9377,Student_9377,56,96
9378,Student_9378,59,85
9379,Student_9379,80,76
9380,Student_9380,95,66
9381,Student_9381,92,67
9382,Student_9382,58,90
9383,Student_9383,53,71
9384,Student_9384,56,61
9385,Student_9385,92,51
9386,Student_9386,70,100
9387,Student_9387,72,78
9388,Student_9388,58,71
9389,Student_9389,63,90
9390,Student_9390,76,62
9391,Student_9391,76,85
9392,Student_9392,71,83
9393,Student_9393,67,62
9394,Student_9394,56,73
9395,Student_9395,51,54
9396,Student_9396,61,98
9397,Student_9397,99,98
9398,Student_9398,79,87
9399,Student_9399,63,84
9400,Student_9400,55,80
9401,Student_9401,72,56
9402,Student_9402,68,85
9403,Student_9403,77,86
9404,Student_9404,97,84
9405,Student_9405,87,72
9406,Student_9406,55,77
9407,Student_9407,75,75
9408,Student_9408,90,96
9409,Student_9409,54,90
9410,Student_9410,100,94
9411,Student_9411,98,55
9412,Student_9412,92,54
9413,Student_9413,88,55
9414,Student_9414,61,66
9415,Student_9415,86,68
9416,Student_9416,91,60
9417,Student_9417,52,80
9418,Student_9418,99,72
9419,Student_9419,100,53
9420,Student_9420,59,53
9421,Student_9421,63,52
9422,Student_9422,61,86
9423,Student_9423,72,70
9424,Student_9424,98,97
9425,Student_9425,97,80
9426,Student_9426,71,73
9427,Student_9427,52,95
9428,Student_9428,92,92
9429,Student_9429,98,60
9430,Student_9430,99,71
9431,Student_9431,78,83
9432,Student_9432,59,71
9433,Student_9433,55,82
9434,Student_9434,81,81
9435,Student_9435,85,81
9436,Student_9436,60,64
9437,Student_9437,94,52
9438,Student_9438,53,89
9439,Student_9439,61,70
9440,Student_9440,56,83
9441,Student_9441,52,64
9442,Student_9442,78,62
9443,Student_9443,95,74
9444,Student_9444,89,91
9445,Student_9445,69,65
9446,Student_9446,89,76
9447,Student_9447,78,61
9448,Student_9448,59,97
9449,Student_9449,94,95
9450,Student_9450,99,72
9451,Student_9451,62,55
9452,Student_9452,70,94
9453,Student_9453,62,69
9454,Student_9454,98,50
9455,Student_9455,66,63
9456,Student_9456,93,85
9457,Student_9457,82,56
9458,Student_9458,78,90
9459,Student_9459,92,60
9460,Student_9460,62,66
9461,Student_9461,92,64
9462,Student_9462,61,72
9463,Student_9463,70,87
9464,Student_9464,62,73
9465,Student_9465,53,99
9466,Student_9466,85,75
9467,Student_9467,50,82
9468,Student_9468,61,88
9469,Student_9469,77,87
9470,Student_9470,88,95
9471,Student_9471,53,71
9472,Student_9472,90,56
9473,Student_9473,97,79
9474,Student_9474,91,83
9475,Student_9475,59,79
9476,Student_9476,86,65
9477,Student_9477,84,52
9478,Student_9478,54,59
9479,Student_9479,60,90
9480,Student_9480,56,67
9481,Student_9481,95,76
9482,Student_9482,93,87
9483,Student_9483,94,88
9484,Student_9484,94,93
9485,Student_9485,62,66
9486,Student_9486,71,95
9487,Student_9487,98,78
9488,Student_9488,79,68
9489,Student_9489,61,92
9490,Student_9490,84,92
9491,Student_9491,83,83
9492,Student_9492,82,96
9493,Student_9493,57,95
9494,Student_9494,96,75
9495,Student_9495,92,52
9496,Student_9496,50,76
9497,Student_9497,83,87
9498,Student_9498,76,69
9499,Student_9499,93,99
9500,Student_9500,59,96
9501,Student_9501,96,62
9502,Student_9502,63,62
9503,Student_9503,94,70
9504,Student_9504,53,69
9505,Student_9505,80,98
9506,Student_9506,78,78
9507,Student_9507,78,71
9508,Student_9508,60,77
9509,Student_9509,93,55
9510,Student_9510,75,67
9511,Student_9511,98,85
9512,Student_9512,89,86
9513,Student_9513,57,59
9514,Student_9514,56,76
9515,Student_9515,68,62
9516,Student_9516,80,71
9517,Student_9517,96,85
9518,Student_9518,85,60
9519,Student_9519,87,57
9520,Student_9520,83,61
9521,Student_9521,77,84
9522,Student_9522,67,100
9523,Student_9523,94,80
9524,Student_9524,76,63
9525,Student_9525,96,98
9526,Student_9526,100,82
9527,Student_9527,80,58
9528,Student_9528,59,73
9529,Student_9529,95,88
9530,Student_9530,53,70
9531,Student_9531,53,62
9532,Student_9532,58,77
9533,Student_9533,67,100
9534,Student_9534,96,55
9535,Student_9535,61,98
9536,Student_9536,79,66
9537,Student_9537,85,51
9538,Student_9538,58,99
9539,Student_9539,96,83
9540,Student_9540,68,99
9541,Student_9541,58,94
9542,Student_9542,53,67
9543,Student_9543,100,90
9544,Student_9544,90,78
9545,Student_9545,78,76
9546,Student_9546,60,80
9547,Student_9547,52,76
9548,Student_9548,56,72
9549,Student_9549,74,89
9550,Student_9550,87,78
9551,Student_9551,58,53
9552,Student_9552,55,77
9553,Student_9553,95,61
9554,Student_9554,81,76
9555,Student_9555,60,57
9556,Student_9556,56,58
9557,Student_9557,54,58
9558,Student_9558,61,100
9559,Student_9559,66,66
9560,Student_9560,69,53
9561,Student_9561,97,83
9562,Student_9562,90,93
9563,Student_9563,71,91
9564,Student_9564,73,81
9565,Student_9565,91,83
9566,Student_9566,95,58
9567,Student_9567,65,85
9568,Student_9568,94,70
9569,Student_9569,64,86
9570,Student_9570,84,90
9571,Student_9571,73,70
9572,Student_9572,89,80
9573,Student_9573,87,94
9574,Student_9574,64,65
9575,Student_9575,82,93
9576,Student_9576,64,63
9577,Student_9577,91,68
9578,Student_9578,55,76
9579,Student_9579,65,79
9580,Student_9580,57,66
9581,Student_9581,99,57
9582,Student_9582,58,90
9583,Student_9583,64,81
9584,Student_9584,66,90
9585,Student_9585,67,64
9586,Student_9586,83,66
9587,Student_9587,78,62
9588,Student_9588,71,54
9589,Student_9589,76,88
9590,Student_9590,80,99
9591,Student_9591,95,91
9592,Student_9592,72,86
9593,Student_9593,98,68
9594,Student_9594,100,99
9595,Student_9595,67,80
9596,Student_9596,63,69
9597,Student_9597,59,77
9598,Student_9598,68,93
9599,Student_9599,64,64
9600,Student_9600,96,62
9601,Student_9601,95,100
9602,Student_9602,72,85
9603,Student_9603,66,50
9604,Student_9604,93,77
9605,Student_9605,83,51
9606,Student_9606,86,53
9607,Student_9607,75,52
9608,Student_9608,88,77
9609,Student_9609,95,79
9610,Student_9610,80,88
9611,Student_9611,54,74
9612,Student_9612,57,81
9613,Student_9613,94,55
9614,Student_9614,74,70
9615,Student_9615,61,66
9616,Student_9616,52,76
9617,Student_9617,53,69
9618,Student_9618,76,75
9619,Student_9619,96,53
9620,Student_9620,71,95
9621,Student_9621,95,91
9622,Student_9622,78,63
9623,Student_9623,69,75
9624,Student_9624,68,75
9625,Student_9625,72,87
9626,Student_9626,60,75
9627,Student_9627,62,59
9628,Student_9628,75,91
9629,Student_9629,57,60
9630,Student_9630,95,91
9631,Student_9631,74,60
9632,Student_9632,67,52
9633,Student_9633,64,52
9634,Student_9634,74,73
9635,Student_9635,93,52
9636,Student_9636,98,71
9637,Student_9637,77,80
9638,Student_9638,72,93
9639,Student_9639,99,54
9640,Student_9640,77,94
9641,Student_9641,89,81
9642,Student_9642,100,90
9643,Student_9643,55,88
9644,Student_9644,65,90
9645,Student_9645,68,83
9646,Student_9646,75,80
9647,Student_9647,65,50
9648,Student_9648,95,85
9649,Student_9649,90,95
9650,Student_9650,91,86
9651,Student_9651,86,75
9652,Student_9652,95,66
9653,Student_9653,94,54
9654,Student_9654,53,86
9655,Student_9655,58,61
9656,Student_9656,94,70
9657,Student_9657,83,96
9658,Student_9658,86,55
9659,Student_9659,99,60
9660,Student_9660,92,61
9661,Student_9661,94,56
9662,Student_9662,74,78
9663,Student_9663,84,73
9664,Student_9664,81,66
9665,Student_9665,61,72
9666,Student_9666,64,99
9667,Student_9667,97,62
9668,Student_9668,69,63
9669,Student_9669,85,68
9670,Student_9670,83,86
9671,Student_9671,86,76
9672,Student_9672,65,52
9673,Student_9673,58,70
9674,Student_9674,96,53
9675,Student_9675,100,59
9676,Student_9676,97,72
9677,Student_9677,53,98
9678,Student_9678,55,99
9679,Student_9679,77,55
9680,Student_9680,100,98
9681,Student_9681,67,85
9682,Student_9682,58,57
9683,Student_9683,99,64
9684,Student_9684,84,77
9685,Student_9685,71,83
9686,Student_9686,66,58
9687,Student_9687,50,84
9688,Student_9688,64,68
9689,Student_9689,52,99
9690,Student_9690,90,67
9691,Student_9691,91,73
9692,Student_9692,63,91
9693,Student_9693,64,83
9694,Student_9694,52,75
9695,Student_9695,57,53
9696,Student_9696,84,78
9697,Student_9697,97,82
9698,Student_9698,57,84
9699,Student_9699,71,73
9700,Student_9700,57,51
9701,Student_9701,73,69
9702,Student_9702,80,82
9703,Student_9703,65,92
9704,Student_9704,96,65
9705,Student_9705,54,74
9706,Student_9706,61,68
9707,Student_9707,64,66
9708,Student_9708,90,64
9709,Student_9709,59,71
9710,Student_9710,85,51
9711,Student_9711,60,75
9712,Student_9712,68,93
9713,Student_9713,50,54
9714,Student_9714,77,79
9715,Student_9715,78,77
9716,Student_9716,72,60
9717,Student_9717,98,68
9718,Student_9718,100,51
9719,Student_9719,94,91
9720,Student_9720,52,100
9721,Student_9721,50,64
9722,Student_9722,53,60
9723,Student_9723,80,92
9724,Student_9724,50,76
9725,Student_9725,65,93
9726,Student_9726,79,54
9727,Student_9727,91,65
9728,Student_9728,66,95
9729,Student_9729,79,97
9730,Student_9730,71,88
9731,Student_9731,52,52
9732,Student_9732,91,83
9733,Student_9733,72,67
9734,Student_9734,83,53
9735,Student_9735,79,51
9736,Student_9736,100,54
9737,Student_9737,91,72
9738,Student_9738,86,93
9739,Student_9739,73,90
9740,Student_9740,61,96
9741,Student_9741,63,64
9742,Student_9742,89,68
9743,Student_9743,83,60
9744,Student_9744,96,56
9745,Student_9745,89,74
9746,Student_9746,80,68
9747,Student_9747,74,80
9748,Student_9748,64,85
9749,Student_9749,98,68
9750,Student_9750,61,92
9751,Student_9751,92,68
9752,Student_9752,83,92
9753,Student_9753,95,70
9754,Student_9754,61,58
9755,Student_9755,83,65
9756,Student_9756,74,57
9757,Student_9757,90,75
9758,Student_9758,59,71
9759,Student_9759,87,63
9760,Student_9760,97,69
9761,Student_9761,85,96
9762,Student_9762,88,83
9763,Student_9763,51,83
9764,Student_9764,80,67
9765,Student_9765,80,65
9766,Student_9766,79,69
9767,Student_9767,75,50
9768,Student_9768,50,55
9769,Student_9769,75,89
9770,Student_9770,56,87
9771,Student_9771,90,96
9772,Student_9772,76,66
9773,Student_9773,96,76
9774,Student_9774,83,67
9775,Student_9775,96,55
9776,Student_9776,82,92
9777,Student_9777,66,83
9778,Student_9778,71,68
9779,Student_9779,53,82
9780,Student_9780,91,83
9781,Student_9781,86,89
9782,Student_9782,72,60
9783,Student_9783,94,64
9784,Student_9784,68,83
9785,Student_9785,92,72
9786,Student_9786,75,93
9787,Student_9787,66,78
9788,Student_9788,95,78
9789,Student_9789,87,96
9790,Student_9790,74,85
9791,Student_9791,79,76
9792,Student_9792,77,91
9793,Student_9793,58,53
9794,Student_9794,86,86
9795,Student_9795,64,63
9796,Student_9796,64,59
9797,Student_9797,84,92
9798,Student_9798,79,58
9799,Student_9799,84,79
9800,Student_9800,94,84
9801,Student_9801,78,66
9802,Student_9802,61,51
9803,Student_9803,54,56
9804,Student_9804,71,98
9805,Student_9805,73,70
9806,Student_9806,97,96
9807,Student_9807,82,81
9808,Student_9808,64,54
9809,Student_9809,80,88
9810,Student_9810,75,50
9811,Student_9811,97,74
9812,Student_9812,62,79
9813,Student_9813,70,91
9814,Student_9814,60,67
9815,Student_9815,94,87
9816,Student_9816,53,81
9817,Student_9817,78,70
9818,Student_9818,72,99
9819,Student_9819,100,92
9820,Student_9820,68,99
9821,Student_9821,91,62
9822,Student_9822,80,85
9823,Student_9823,92,79
9824,Student_9824,64,95
9825,Student_9825,66,95
9826,Student_9826,56,56
9827,Student_9827,63,100
9828,Student_9828,66,77
9829,Student_9829,74,98
9830,Student_9830,72,95
9831,Student_9831,88,60
9832,Student_9832,86,61
9833,Student_9833,50,95
9834,Student_9834,79,82
9835,Student_9835,59,98
9836,Student_9836,56,55
9837,Student_9837,91,93
9838,Student_9838,58,71
9839,Student_9839,94,80
9840,Student_9840,89,84
9841,Student_9841,92,63
9842,Student_9842,77,52
9843,Student_9843,76,61
9844,Student_9844,59,52
9845,Student_9845,73,54
9846,Student_9846,94,60
9847,Student_9847,98,68
9848,Student_9848,89,57
9849,Student_9849,94,90
9850,Student_9850,77,99
9851,Student_9851,61,69
9852,Student_9852,66,65
9853,Student_9853,53,62
9854,Student_9854,62,86
9855,Student_9855,78,92
9856,Student_9856,91,51
9857,Student_9857,84,95
9858,Student_9858,59,83
9859,Student_9859,50,72
9860,Student_9860,69,90
9861,Student_9861,84,77
9862,Student_9862,83,62
9863,Student_9863,67,60
9864,Student_9864,78,65
9865,Student_9865,76,58
9866,Student_9866,61,71
9867,Student_9867,54,100
9868,Student_9868,66,80
9869,Student_9869,81,82
9870,Student_9870,92,52
9871,Student_9871,98,90
9872,Student_9872,70,81
9873,Student_9873,98,75
9874,Student_9874,51,70
9875,Student_9875,51,93
9876,Student_9876,70,76
9877,Student_9877,96,81
9878,Student_9878,58,79
9879,Student_9879,94,58
9880,Student_9880,57,65
9881,Student_9881,94,90
9882,Student_9882,64,93
9883,Student_9883,80,95
9884,Student_9884,79,50
9885,Student_9885,52,85
9886,Student_9886,88,50
9887,Student_9887,84,92
9888,Student_9888,93,56
9889,Student_9889,73,63
9890,Student_9890,54,65
9891,Student_9891,84,57
9892,Student_9892,88,52
9893,Student_9893,87,64
9894,Student_9894,55,87
9895,Student_9895,66,67
9896,Student_9896,87,88
9897,Student_9897,54,68
9898,Student_9898,87,66
9899,Student_9899,59,93
9900,Student_9900,91,52
9901,Student_9901,85,51
9902,Student_9902,66,91
9903,Student_9903,90,57
9904,Student_9904,54,86
9905,Student_9905,89,71
9906,Student_9906,58,72
9907,Student_9907,91,61
9908,Student_9908,93,97
9909,Student_9909,64,69
9910,Student_9910,68,86
9911,Student_9911,99,83
9912,Student_9912,62,65
9913,Student_9913,88,87
9914,Student_9914,88,86
9915,Student_9915,77,80
9916,Student_9916,59,73
9917,Student_9917,84,94
9918,Student_9918,98,82
9919,Student_9919,52,70
9920,Student_9920,83,78
9921,Student_9921,93,90
9922,Student_9922,80,62
9923,Student_9923,93,67
9924,Student_9924,98,60
9925,Student_9925,89,89
9926,Student_9926,65,64
9927,Student_9927,70,66
9928,Student_9928,86,73
9929,Student_9929,83,89
9930,Student_9930,67,99
9931,Student_9931,88,90
9932,Student_9932,76,72
9933,Student_9933,50,64
9934,Student_9934,95,83
9935,Student_9935,65,59
9936,Student_9936,80,50
9937,Student_9937,90,100
9938,Student_9938,75,77
9939,Student_9939,78,78
9940,Student_9940,62,91
9941,Student_9941,60,63
9942,Student_9942,94,64
9943,Student_9943,78,73
9944,Student_9944,77,75
9945,Student_9945,56,67
9946,Student_9946,57,86
9947,Student_9947,67,82
9948,Student_9948,67,68
9949,Student_9949,62,89
9950,Student_9950,86,54
9951,Student_9951,55,86
9952,Student_9952,51,98
9953,Student_9953,68,89
9954,Student_9954,77,91
9955,Student_9955,74,71
9956,Student_9956,73,96
9957,Student_9957,70,64
9958,Student_9958,54,93
9959,Student_9959,80,52
9960,Student_9960,79,54
9961,Student_9961,63,92
9962,Student_9962,68,82
9963,Student_9963,50,59
9964,Student_9964,68,73
9965,Student_9965,92,61
9966,Student_9966,65,91
9967,Student_9967,78,89
9968,Student_9968,96,72
9969,Student_9969,66,67
9970,Student_9970,89,75
9971,Student_9971,68,89
9972,Student_9972,92,75
9973,Student_9973,55,94
9974,Student_9974,63,83
9975,Student_9975,59,67
9976,Student_9976,74,51
9977,Student_9977,94,70
9978,Student_9978,92,71
9979,Student_9979,66,59
9980,Student_9980,52,83
9981,Student_9981,92,64
9982,Student_9982,81,69
9983,Student_9983,91,54
9984,Student_9984,83,80
9985,Student_9985,73,74
9986,Student_9986,73,79
9987,Student_9987,55,89
9988,Student_9988,52,67
9989,Student_9989,54,53
9990,Student_9990,80,57
9991,Student_9991,51,92
9992,Student_9992,76,99
9993,Student_9993,75,59
9994,Student_9994,72,84
9995,Student_9995,57,82
9996,Student_9996,82,59
9997,Student_9997,58,52
9998,Student_9998,97,78
9999,Student_9999,52,76
10000,Student_10000,54,52
